USE DELIVERING_SERVICE

--
-- Dumping data for table `address`
--

LOCK TABLES `address` WRITE;
/*!40000 ALTER TABLE `address` DISABLE KEYS */;
INSERT INTO `address` VALUES (200000,1000673,'Cayman Islands','Ontario','Etobicoke','968-4319 Risus. Street','Z9853',0,1),(200001,1000209,'Ghana','Vienna','Vienna','596-5825 Mauris St.','M4X 5K9',1,1),(200002,1000490,'Angola','Stockholms län','Stockholm','406-7162 Sodales Ave','18675',0,0),(200003,1000071,'Andorra','Chu','Gongju','Ap #278-7291 Hendrerit Avenue','IZ62 8FR',1,0),(200004,1000634,'Christmas Island','BE','Berlin','P.O. Box 121, 2225 Purus Av.','65633',0,0),(200005,1000586,'Bonaire, Sint Eustatius and Saba','PA','Rezé','Ap #601-6726 Ultrices Rd.','04649',0,1),(200006,1000213,'Slovakia','Quebec','Champlain','P.O. Box 427, 453 Nulla Rd.','7269',1,0),(200007,1000144,'Micronesia','Vienna','Vienna','263-420 Ac St.','Z0468',0,1),(200008,1000640,'Iceland','MA','Getafe','Ap #533-7158 Porttitor Rd.','58-587',1,1),(200009,1000170,'Nicaragua','WP','Kalisz','Ap #240-5339 Quisque St.','428243',0,0),(200010,1000514,'Nauru','VB','Bever Bievene','934 Erat, Road','3847 IE',0,0),(200011,1000335,'Bonaire, Sint Eustatius and Saba','Pue','Tehuacán','8557 Nunc St.','3848 OV',0,1),(200012,1000355,'Antarctica','MA','Radom','686-8243 Scelerisque Avenue','580510',0,0),(200013,1000173,'Falkland Islands','L','Dublin','294-9481 Laoreet Rd.','11631',1,1),(200014,1000408,'Sao Tome and Principe','Nordrhein-Westphalen','Münster','134-5924 Cras Rd.','4795',1,0),(200015,1000591,'Latvia','Oryol Oblast','Oryol','P.O. Box 102, 8541 Tellus Rd.','95127',1,0),(200016,1000390,'Bermuda','ON','Whitchurch-Stouffville','P.O. Box 187, 2465 Natoque Road','800709',0,1),(200017,1000243,'Trinidad and Tobago','Rajasthan','Bharatpur','740-1552 Fermentum Street','69046-55775',0,1),(200018,1000051,'Costa Rica','N.','Zaanstad','3355 Non, Av.','889428',0,0),(200019,1000440,'Bangladesh','Victoria','Shepparton','Ap #237-1907 Nonummy. Ave','6914',1,0),(200020,1000667,'French Guiana','Ov','Deventer','787-1124 Nisi Rd.','74789',1,1),(200021,1000673,'Canada','CDM','Mexico City','P.O. Box 726, 9400 Dui, Street','83735',0,1),(200022,1000563,'Uruguay','Puno','Juliaca','837-3784 Magna. Rd.','4381 CI',1,1),(200023,1000134,'Sweden','VIC','Horsham','Ap #735-9056 Arcu. Av.','70481',1,0),(200024,1000697,'Hungary','RM','Melipilla','Ap #365-9786 Arcu Road','587406',1,0),(200025,1000416,'Morocco','L.','Houthalen-Helchteren','Ap #171-3639 Ullamcorper. Ave','84107',1,1),(200026,1000630,'Kazakhstan','Katsina','Katsina','1384 Ipsum St.','50506',1,0),(200027,1000235,'Yemen','Florida','Orlando','349-3310 Ac Street','3424',0,0),(200028,1000261,'Philippines','Dolnośląskie','Jelenia Góra','2224 Aenean Street','42341',1,1),(200029,1000072,'Yemen','Victoria','Swan Hill','P.O. Box 126, 4853 Aenean Ave','25348',1,1),(200030,1000126,'Bulgaria','MT','Butte','Ap #991-6372 Euismod Ave','1140',1,0),(200031,1000050,'Tonga','LAZ','Rocca Massima','Ap #910-4303 Quis, Street','74437',0,0),(200032,1000185,'Brunei','Centre','Châteauroux','1608 Mauris Street','843919',1,0),(200033,1000097,'Chad','L','Dublin','195-2968 Aliquam St.','905487',0,0),(200034,1000332,'Micronesia','Ontario','Richmond Hill','651-8296 Lacus. St.','352421',1,0),(200035,1000364,'Pitcairn Islands','HA','Le Grand-Quevilly','P.O. Box 646, 4850 Turpis Road','03406',0,1),(200036,1000397,'Australia','Vienna','Vienna','872-8206 Phasellus Av.','2494',0,1),(200037,1000070,'Guam','L.','Meeuwen','Ap #432-3679 In Av.','24-772',0,0),(200038,1000589,'Kyrgyzstan','Ceará','Maracanaú','3404 Dui. St.','95563',1,1),(200039,1000181,'Uganda','BOL','Cartagena','P.O. Box 279, 1444 Mauris Road','2258 WO',1,0),(200040,1000219,'Cyprus','LIP','Lipetsk','498 Nam Avenue','6347',1,1),(200041,1000113,'Mayotte','Queensland','Gladstone','P.O. Box 510, 1712 Dolor. Rd.','09447',0,0),(200042,1000191,'Germany','Luik','Esneux','2709 Dapibus Ave','241426',0,1),(200043,1000144,'Jersey','Vienna','Vienna','P.O. Box 900, 4883 Aliquam Road','7026',0,0),(200044,1000061,'Peru','Cusco','Cusco','Ap #911-4632 Molestie St.','13882',0,0),(200045,1000682,'Estonia','AN','Zwijndrecht','870-1679 Gravida Street','606691',0,0),(200046,1000173,'Russian Federation','NO','Roubaix','614-4772 Quam Av.','16279',0,1),(200047,1000192,'Congo (Brazzaville)','Central Sulawesi','Palu','6813 Varius Rd.','1487',1,1),(200048,1000472,'Côte D\'Ivoire (Ivory Coast)','Hat','Dörtyol','P.O. Box 195, 1252 Mollis Rd.','792940',0,1),(200049,1000144,'New Caledonia','FC','Besançon','451-1248 Lacus. St.','463663',1,1),(200050,1000084,'Puerto Rico','Arequipa','Arequipa','Ap #190-9949 Nulla St.','71814',0,1),(200051,1000324,'Lebanon','NI','Wellington','Ap #455-9167 Elit, Av.','20687',0,1),(200052,1000203,'Finland','Connacht','Galway','5941 Ac Rd.','1489',0,0),(200053,1000555,'Uzbekistan','Ontario','Wilmont','265-7786 Nullam Rd.','967491',1,0),(200054,1000697,'Montserrat','MA','Warszawa','2622 Mus. Road','K6L 3N6',1,0),(200055,1000351,'Yemen','Comunitat Valenciana','Torrevieja','531-415 Eu Street','02196',1,1),(200056,1000208,'Guadeloupe','Arkansas','Little Rock','Ap #139-6484 Aenean St.','10790',0,0),(200057,1000379,'Barbados','Gl','Nijkerk','P.O. Box 931, 9577 Lobortis. St.','22127',0,0),(200058,1000396,'Mauritania','Gaz','Nizip','3663 Pede, Avenue','12339',1,0),(200059,1000559,'Liechtenstein','Ulster','Belfast','260-3163 Placerat. Rd.','67522',0,1),(200060,1000224,'Albania','Andhra Pradesh','Qutubullapur','Ap #214-3723 Eget, Road','17519',1,0),(200061,1000303,'Djibouti','AZ','Glendale','115-8898 Vestibulum Rd.','523339',1,0),(200062,1000488,'Norfolk Island','FA','Kurram Agency','Ap #364-185 Lobortis. Avenue','62051',1,0),(200063,1000015,'Colombia','Junín','Tarma','P.O. Box 522, 1859 Rutrum, Rd.','25821',0,0),(200064,1000508,'Iceland','VII','Quilleco','P.O. Box 474, 932 Lorem Rd.','63383',1,1),(200065,1000632,'Somalia','Vienna','Vienna','Ap #114-1552 Per Av.','71700',1,0),(200066,1000665,'Kuwait','FL','Orlando','364-8895 Enim Street','1092',0,0),(200067,1000293,'Nauru','WA','Vancouver','P.O. Box 516, 7594 Ultrices, Road','K8N 5DB',0,0),(200068,1000284,'Bonaire, Sint Eustatius and Saba','Smolensk Oblast','Smolensk','1597 Dis Rd.','4758',1,1),(200069,1000619,'Tajikistan','Ancash','Chimbote','P.O. Box 637, 2093 Pharetra. St.','16803',0,1),(200070,1000033,'Australia','South Island','Dunedin','Ap #257-6380 Sed Rd.','239482',1,1),(200071,1000426,'Benin','Aquitaine','Pau','P.O. Box 140, 2201 Viverra. St.','392674',1,0),(200072,1000648,'Cayman Islands','Stockholms län','Stockholm','P.O. Box 263, 1826 Vitae, Road','35855',1,0),(200073,1000020,'United States Minor Outlying Islands','Gye','Gwangju','3830 Augue, Road','687579',1,0),(200074,1000055,'Bangladesh','Wie','Vienna','Ap #627-7038 Mattis Rd.','Z6592',1,1),(200075,1000485,'Zimbabwe','SI','Wanaka','P.O. Box 923, 9510 Lacus. Ave','6248',0,1),(200076,1000103,'Turkey','Andalucía','Jerez de la Frontera','331-7149 Quis Avenue','684546',0,1),(200077,1000555,'Syria','JB','Banjar','P.O. Box 117, 2683 Amet Road','528667',0,0),(200078,1000265,'Chile','South Island','Greymouth','5644 Sem Street','57858-47316',0,1),(200079,1000502,'Trinidad and Tobago','Mexico City','Mexico City','8955 Elit, Av.','33223',0,1),(200080,1000071,'South Africa','Oregon','Eugene','Ap #402-3997 Sem Road','76599-13492',0,0),(200081,1000398,'Sierra Leone','KN','Kano','P.O. Box 666, 9280 Vulputate Ave','1935',1,1),(200082,1000402,'Bonaire, Sint Eustatius and Saba','MH','Parbhani','P.O. Box 576, 2609 Vestibulum St.','7438',0,0),(200083,1000555,'French Polynesia','AB','Spruce Grove','Ap #562-5446 Quis Street','14877',0,1),(200084,1000628,'United States Minor Outlying Islands','PA','Angers','991-4958 Donec Av.','36554-534',1,0),(200085,1000144,'Bonaire, Sint Eustatius and Saba','ERM','Fontanellato','7504 Ipsum St.','N5Y 2X3',0,0),(200086,1000179,'Turks and Caicos Islands','Centre','Joué-lès-Tours','199-7991 In St.','63-975',0,1),(200087,1000090,'Tuvalu','Maule','Yerbas Buenas','P.O. Box 115, 6952 Adipiscing Road','25368',1,1),(200088,1000352,'Poland','IX','Padre las Casas','P.O. Box 115, 466 Arcu. Street','92-595',1,0),(200089,1000237,'Ethiopia','Chu','Chungju','292-3117 Nascetur Rd.','18952',1,0),(200090,1000013,'Northern Mariana Islands','MG','Ipatinga','4909 Sagittis St.','7213',1,1),(200091,1000470,'Cyprus','Irkutsk Oblast','Irkutsk','P.O. Box 211, 4489 Nulla Av.','37788',0,1),(200092,1000230,'Ghana','Delta','Sapele','Ap #165-5955 Sapien. Street','89310-79356',0,1),(200093,1000586,'Belarus','Maine','Auburn','8000 Suspendisse Rd.','23944',0,1),(200094,1000247,'Saint Helena, Ascension and Tristan da Cunha','Brussels Hoofdstedelijk Gewest','Sint-Pieters-Woluwe','Ap #306-7938 Neque. Rd.','73031',0,1),(200095,1000139,'Pakistan','ST','Stoke-on-Trent','115-7338 Convallis Avenue','P0 6ZX',1,1),(200096,1000109,'Nauru','San José','San Rafael','479-4355 Lobortis, Rd.','07358',1,0),(200097,1000287,'United States Minor Outlying Islands','O','Lerum','3193 Ante Rd.','8450',1,1),(200098,1000474,'Afghanistan','GA','Panjim','P.O. Box 641, 2427 Duis Av.','66415',0,0),(200099,1000032,'Mexico','North Jeolla','Iksan','2797 Duis Rd.','72855',0,0);
/*!40000 ALTER TABLE `address` ENABLE KEYS */;
UNLOCK TABLES;

-- Dumping data for table `carriers`
--

LOCK TABLES `carriers` WRITE;
/*!40000 ALTER TABLE `carriers` DISABLE KEYS */;
INSERT INTO `carriers` VALUES (50000,1000207,'Dunlap, Zachery O.','638539 3522','mattis','EM765X',2,'16481205 8255','dui lectus rutrum'),(50001,1000062,'Pratt, Emery N.','829929 9738','Morbi','GS547S',1,'16990816 8603','Duis gravida. Praesent eu nulla at sem molestie sodales.'),(50002,1000035,'Riggs, Xyla O.','867387 8719','id','BR440W',3,'16560313 5657','quam dignissim pharetra. Nam ac nulla. In tincidunt congue'),(50003,1000685,'Rios, Ignacia N.','459358 0683','risus.','CB790N',1,'16240206 6142','enim consequat purus.'),(50004,1000538,'Acosta, Shelby C.','884368 0052','enim.','VK618X',1,'16510701 1883','tincidunt. Donec vitae erat vel'),(50005,1000452,'Rose, Kylee Y.','367812 6966','in','XO189N',2,'16141118 4854','gravida. Aliquam tincidunt, nunc ac mattis ornare, lectus'),(50006,1000487,'Mays, Roanna V.','187896 5944','sem.','EF124C',2,'16531221 7374','et, rutrum non, hendrerit id, ante.'),(50007,1000124,'Nielsen, Taylor I.','923933 1532','primis','NQ835Q',1,'16480821 5273','aliquam iaculis, lacus pede sagittis augue,'),(50008,1000108,'Salas, Hyacinth J.','442052 1223','Quisque','LD350I',1,'16040621 7737','a nunc. In at pede. Cras vulputate velit'),(50009,1000129,'Holcomb, Yuli X.','758115 6960','eu','ZI737S',1,'16360730 6838','dignissim. Maecenas'),(50010,1000590,'Reed, Wynter Y.','728697 6720','mi','EU901M',1,'16740629 1596','vitae erat'),(50011,1000459,'Peters, Tad U.','135747 9136','in','VS599K',1,'16710912 0894','conubia nostra, per inceptos hymenaeos. Mauris ut'),(50012,1000414,'Shannon, Kylan J.','243099 4174','Duis','QL403T',1,'16470807 6056','lectus rutrum urna, nec luctus felis'),(50013,1000012,'Ingram, Kennan C.','173045 6538','malesuada','LI499J',2,'16791221 1179','aliquet lobortis, nisi nibh lacinia orci, consectetuer euismod est'),(50014,1000666,'Torres, Ava J.','267638 2829','iaculis','EH504Q',3,'16610310 5356','orci sem eget massa. Suspendisse'),(50015,1000662,'Snow, Kennan C.','249134 7866','scelerisque','SB097E',3,'16510227 9931','turpis non enim. Mauris quis turpis vitae purus gravida sagittis.'),(50016,1000438,'Turner, Ryder G.','257812 5565','auctor','KN289O',1,'16570606 0182','lacinia vitae, sodales at, velit. Pellentesque'),(50017,1000358,'Shields, Lysandra F.','244571 0748','Curabitur','TA316M',2,'16020813 5608','egestas. Aliquam nec enim.'),(50018,1000092,'Hunter, Dustin A.','669126 2213','iaculis,','RF428P',1,'16840630 1948','Nunc sollicitudin commodo ipsum. Suspendisse non leo. Vivamus'),(50019,1000494,'Obrien, Lani W.','186597 7472','magna.','PS405R',2,'16200804 7181','Etiam laoreet, libero et tristique pellentesque, tellus sem mollis dui,'),(50020,1000579,'Tyson, Clare R.','675606 0668','dui.','XN461Z',1,'16650707 5858','turpis non enim. Mauris quis turpis'),(50021,1000556,'Bernard, Lareina Z.','564222 6434','pharetra','GT647F',1,'16920604 4324','semper cursus. Integer mollis.'),(50022,1000176,'Jenkins, Colette S.','718655 7778','nulla.','GE969L',3,'16651029 1716','nostra, per inceptos hymenaeos. Mauris'),(50023,1000091,'Mclean, Leilani Z.','152903 4538','egestas.','GM331U',3,'16440218 6557','luctus. Curabitur egestas nunc sed libero.'),(50024,1000280,'Lowery, Davis Z.','433554 6141','vitae','KD817E',1,'16350406 0710','euismod mauris eu elit. Nulla facilisi. Sed'),(50025,1000177,'Caldwell, Joseph U.','534886 3530','purus,','GY849A',1,'16870930 2866','lobortis quam a felis ullamcorper viverra. Maecenas'),(50026,1000234,'Carpenter, Oren K.','752119 5896','mauris.','WD422N',1,'16040215 9925','nunc ac mattis ornare, lectus ante dictum'),(50027,1000273,'Jacobs, Kylan Q.','245116 1752','turpis','TJ543W',3,'16880808 4738','et ultrices posuere cubilia Curae;'),(50028,1000273,'Gray, Martha F.','939010 4470','Suspendisse','IF769P',2,'16120113 2543','convallis in, cursus et, eros. Proin ultrices. Duis'),(50029,1000557,'Hendricks, Chiquita G.','485620 2678','odio','SI363J',2,'16390626 9372','mus. Proin'),(50030,1000580,'Chase, Reagan V.','627970 1012','orci','XB236Y',3,'16980808 0114','ornare placerat, orci lacus vestibulum lorem,'),(50031,1000137,'Cash, Dominique V.','827629 6111','lectus','WH762C',3,'16670929 1956','risus. Donec'),(50032,1000176,'Rodriguez, Maxine A.','323782 8508','enim','SL150G',3,'16820123 0011','sit amet nulla. Donec non justo. Proin non massa'),(50033,1000594,'Walton, Nigel Q.','422381 3520','Maecenas','TO087L',2,'16620713 3262','Aliquam erat volutpat. Nulla dignissim. Maecenas ornare egestas ligula.'),(50034,1000177,'Miranda, Lydia T.','249441 9357','dictum','WD989S',3,'16300515 0101','sociis natoque penatibus'),(50035,1000595,'Mercer, Xanthus D.','247397 3291','sociis','SS697N',3,'16860720 9510','aliquet lobortis, nisi nibh lacinia orci, consectetuer euismod'),(50036,1000120,'Ross, Cody W.','787068 7295','lectus.','JI615T',1,'16110819 7490','vitae velit'),(50037,1000643,'Byrd, Erasmus R.','418098 0932','at','RP517G',2,'16800222 1516','luctus ut, pellentesque eget,'),(50038,1000480,'Hays, Hyatt H.','646071 1986','vel','KO038K',3,'16831215 2393','eu tempor'),(50039,1000537,'Jenkins, Tatum F.','372978 1520','Proin','AI454Q',1,'16660804 2781','purus. Duis elementum,'),(50040,1000455,'Moon, Calvin K.','335009 1975','Cras','GU989S',3,'16070525 6279','lorem tristique'),(50041,1000465,'Johns, Drew A.','795376 8558','auctor','BK497C',2,'16860122 7013','nec enim. Nunc ut'),(50042,1000153,'Haney, Xaviera B.','703443 7405','mi','HR987K',1,'16770620 6120','ac turpis egestas. Aliquam fringilla'),(50043,1000568,'Chase, Roanna D.','484707 9813','amet','HK284B',3,'16640123 3199','ullamcorper eu, euismod ac, fermentum vel, mauris.'),(50044,1000180,'Atkinson, Caryn D.','406796 5584','eget','NZ823Y',1,'16391028 9127','fames ac turpis egestas. Fusce aliquet'),(50045,1000680,'Dominguez, Chester Q.','869969 3605','et','UF509O',2,'16540317 5887','sapien. Aenean massa. Integer'),(50046,1000048,'Reynolds, Asher I.','089312 0485','Phasellus','JC797R',3,'16150811 6462','Suspendisse dui. Fusce diam nunc,'),(50047,1000532,'Simmons, Quamar X.','642792 9440','ante.','CO178W',3,'16920521 0744','nibh. Aliquam ornare, libero at auctor ullamcorper,'),(50048,1000229,'Snow, MacKensie F.','212593 7827','in','EC664E',3,'16581121 5226','dolor sit amet,'),(50049,1000320,'Carey, Ingrid W.','915811 9520','eu','MT445P',2,'16510408 0543','Ut nec urna'),(50050,1000643,'Cooley, Lars E.','614595 0264','egestas','YL890D',3,'16000525 7795','pellentesque massa lobortis ultrices. Vivamus rhoncus. Donec'),(50051,1000167,'Moss, Dorian Y.','768653 5159','Aenean','WV663X',3,'16921026 8158','Maecenas mi'),(50052,1000162,'Gomez, Arsenio O.','593880 4068','Maecenas','WS038R',2,'16430101 1849','et, euismod et, commodo at, libero.'),(50053,1000143,'Fowler, Vivian U.','032328 3820','ornare','DW158O',2,'16230124 1366','purus ac tellus. Suspendisse sed dolor. Fusce mi'),(50054,1000658,'Dean, Melvin L.','684112 0576','magna','QK791E',3,'16920901 0470','enim mi tempor lorem, eget mollis lectus pede et risus.'),(50055,1000678,'Sargent, Bruce W.','293444 5442','ornare,','JQ007X',2,'16550507 5530','quis arcu vel quam dignissim pharetra. Nam ac'),(50056,1000452,'Mckenzie, Hermione G.','998019 9104','augue','LT440M',2,'16640626 5865','mi pede, nonummy ut, molestie in, tempus eu, ligula. Aenean'),(50057,1000483,'Ellison, Cullen P.','587540 5549','Duis','UN663F',1,'16410111 6707','non, cursus non, egestas a, dui. Cras'),(50058,1000256,'Edwards, Yasir A.','103815 6103','primis','YP133H',3,'16101008 2772','mauris, rhoncus'),(50059,1000099,'Levy, Venus V.','385145 7303','tincidunt','IH566R',1,'16351119 0070','mollis. Duis sit amet diam eu dolor egestas rhoncus.'),(50060,1000506,'Hayes, Kiayada M.','602223 3990','consectetuer','JN661Z',3,'16020119 4479','ullamcorper, nisl arcu iaculis enim, sit'),(50061,1000331,'Cunningham, Emma L.','948336 2027','mi','SR490B',1,'16670707 3281','Curabitur sed tortor. Integer aliquam adipiscing lacus. Ut nec urna'),(50062,1000499,'Faulkner, Barrett I.','322284 0583','malesuada','XT908Z',3,'16811122 2652','ipsum dolor sit amet, consectetuer'),(50063,1000057,'Hanson, Mannix H.','832888 9772','Proin','MI499C',2,'16590403 8907','mauris, rhoncus id, mollis nec,'),(50064,1000452,'Sims, Yardley P.','538789 9312','Cras','WX158J',3,'16550509 8326','tempus non, lacinia at, iaculis quis,'),(50065,1000424,'Gregory, Galvin T.','902964 5265','eleifend','WL303E',2,'16781013 1883','Praesent luctus. Curabitur egestas nunc sed libero.'),(50066,1000453,'Britt, Serina G.','055704 6406','sit','IU888A',1,'16430617 7165','tempus scelerisque, lorem ipsum sodales purus, in molestie tortor'),(50067,1000062,'Haynes, Anastasia Y.','667883 4026','felis','LY451T',3,'16811005 4353','lectus. Nullam suscipit,'),(50068,1000129,'Bradford, Hashim B.','468342 3919','urna.','TB451K',2,'16270719 2403','tristique aliquet. Phasellus'),(50069,1000136,'Clark, Jermaine V.','307961 1129','egestas','GC948K',1,'16320107 2505','magna. Phasellus dolor elit, pellentesque a, facilisis non, bibendum sed,'),(50070,1000285,'Carpenter, Winter E.','927055 7151','risus.','MW263H',1,'16260621 9893','malesuada id, erat. Etiam vestibulum massa rutrum magna. Cras'),(50071,1000057,'Wade, Kathleen B.','714725 7864','urna.','XU716B',2,'16420810 7021','fermentum vel, mauris. Integer'),(50072,1000169,'Perez, Hop G.','828130 2276','nunc','FT787H',3,'16500406 6568','risus. Quisque libero lacus, varius et,'),(50073,1000384,'Cotton, Randall C.','763235 8029','sit','XZ818L',1,'16580128 2921','non, sollicitudin a, malesuada id, erat. Etiam vestibulum massa'),(50074,1000641,'Witt, Leslie O.','284110 2300','in','KI973P',1,'16140428 2574','lobortis tellus justo sit amet nulla. Donec'),(50075,1000429,'Ashley, Minerva K.','696159 5714','egestas','JW763H',3,'16281103 0218','non, hendrerit id, ante. Nunc mauris sapien, cursus in,'),(50076,1000205,'Reynolds, Mona H.','347398 7091','felis.','XG668J',3,'16950826 7367','justo faucibus lectus, a sollicitudin orci sem'),(50077,1000320,'Small, Andrew Q.','575384 3852','urna','NN892D',3,'16680522 0719','tellus, imperdiet non, vestibulum nec, euismod in,'),(50078,1000494,'Beach, Sonia X.','793266 8853','Nulla','DU220Z',2,'16250505 5927','nunc est, mollis non, cursus non,'),(50079,1000122,'Ratliff, Clinton W.','488129 2678','Aenean','WD879M',2,'16891012 0073','Nullam nisl. Maecenas malesuada'),(50080,1000558,'Shepard, Robert N.','013247 9452','aliquam','ND046U',2,'16410215 5373','gravida molestie arcu. Sed eu nibh vulputate mauris'),(50081,1000240,'Allison, Felix C.','005788 5139','elementum','BA987M',1,'16810219 9653','sed consequat auctor, nunc nulla vulputate'),(50082,1000031,'Casey, Chaim Z.','782634 9917','ut','OZ894N',2,'16550206 9163','risus varius orci, in'),(50083,1000643,'Rowe, Declan H.','704888 8593','Integer','XQ044I',3,'16900503 8634','Etiam imperdiet dictum magna. Ut'),(50084,1000366,'Gonzales, Gillian C.','053354 0803','eros','FQ718A',2,'16171115 2056','Sed id risus quis diam luctus lobortis. Class aptent taciti'),(50085,1000343,'Marks, Darius D.','699296 0531','sem','XR836I',2,'16810421 3734','velit dui, semper et,'),(50086,1000022,'Wiggins, Iliana J.','647759 8830','vitae','BT432T',2,'16170126 0646','sociis natoque penatibus'),(50087,1000302,'Faulkner, Hannah Y.','082854 5962','velit','ZL112U',3,'16680704 3762','Duis sit'),(50088,1000569,'Mcdaniel, Jennifer C.','113101 0082','elit','VR398Y',2,'16560607 8680','aliquet diam. Sed diam lorem, auctor'),(50089,1000549,'Cox, Beck F.','728645 1914','ligula.','FO756Y',3,'16621013 0768','commodo tincidunt nibh. Phasellus nulla. Integer'),(50090,1000501,'Sharpe, Mark Z.','046537 1276','fames','RN083Z',1,'16281222 3820','turpis vitae purus gravida sagittis. Duis gravida. Praesent eu nulla'),(50091,1000363,'Pratt, Laith A.','503954 8523','cursus','LY474N',1,'16041116 7257','ornare. In faucibus. Morbi vehicula. Pellentesque tincidunt tempus'),(50092,1000698,'Moon, Aspen V.','373333 8002','Cum','UO845O',1,'16400511 8460','facilisis non,'),(50093,1000532,'Morse, Amber J.','178806 5017','molestie','XL150B',1,'16420916 6976','cursus et,'),(50094,1000198,'Rice, Miranda E.','267286 8532','vitae','TO951C',3,'16420416 6195','mattis velit'),(50095,1000207,'Bentley, Christian P.','505042 0172','Proin','SQ123H',3,'16330516 2962','sagittis. Duis gravida. Praesent eu nulla'),(50096,1000022,'Hewitt, Gisela X.','667741 9209','sit','RB117N',2,'16931205 6063','Nunc lectus pede, ultrices'),(50097,1000089,'Deleon, Kai N.','893915 8567','accumsan','WU659N',2,'16120528 5834','fermentum risus,'),(50098,1000052,'Warren, Madeline F.','339688 8129','urna.','BN131G',2,'16711223 8386','quam. Curabitur vel lectus. Cum sociis natoque penatibus et magnis'),(50099,1000182,'Ellis, Willa F.','325785 9722','dignissim.','VN000Y',1,'16241001 4605','scelerisque scelerisque dui. Suspendisse');
/*!40000 ALTER TABLE `carriers` ENABLE KEYS */;
UNLOCK TABLES;

--
-- Dumping data for table `client_status`
--

LOCK TABLES `client_status` WRITE;
/*!40000 ALTER TABLE `client_status` DISABLE KEYS */;
INSERT INTO `client_status` VALUES (10001,'Active',1),(10002,'deleted',1),(10003,'off-limits',1),(10004,'suspended',1);
/*!40000 ALTER TABLE `client_status` ENABLE KEYS */;
UNLOCK TABLES;

--
-- Dumping data for table `clients`
--

LOCK TABLES `clients` WRITE;
/*!40000 ALTER TABLE `clients` DISABLE KEYS */;
INSERT INTO `clients` VALUES (60000,1000692,NULL,'Amet Consectetuer Inc.','Moses','vel,','Dickson',1000185,1000093,1,1000565,'et, lacinia vitae,',NULL,1,1000657),(60001,1000451,NULL,'Et Lacinia Vitae Corp.','Aaron','iaculis,','Lambert',1000514,1000157,0,1000699,'convallis convallis dolor.',NULL,0,1000575),(60002,1000346,NULL,'Ullamcorper Corp.','Xenos','dapibus','Swanson',1000015,1000308,0,1000636,'vel arcu. Curabitur',NULL,1,1000672),(60003,1000613,NULL,'Lectus Quis Massa Ltd','Ishmael','ante','Barron',1000665,1000695,1,1000328,'nec, leo. Morbi',NULL,0,1000086),(60004,1000132,NULL,'Magna Et Ipsum Company','Arthur','ut,','Mcconnell',1000181,1000522,1,1000323,'eget massa. Suspendisse',NULL,1,1000581),(60005,1000604,NULL,'Sed Inc.','Cedric','nisi.','Mckinney',1000398,1000522,0,1000083,'dolor. Donec fringilla.',NULL,1,1000073),(60006,1000597,NULL,'Vel Vulputate Inc.','Roth','nisl','Saunders',1000061,1000458,1,1000360,'aliquet molestie tellus.',NULL,1,1000443),(60007,1000277,NULL,'Et Institute','Beck','Aliquam','Underwood',1000426,1000017,1,1000315,'dictum cursus. Nunc',NULL,0,1000642),(60008,1000067,NULL,'A Felis Ltd','Hyatt','turpis','Mckee',1000640,1000500,0,1000047,'quis diam. Pellentesque',NULL,0,1000073),(60009,1000448,NULL,'Vulputate Ullamcorper Magna Incorporated','Ira','at','Rosario',1000284,1000206,1,1000077,'Integer eu lacus.',NULL,1,1000064),(60010,1000479,NULL,'Ac Mattis Inc.','Sebastian','sit','Bates',1000440,1000254,1,1000262,'augue porttitor interdum.',NULL,1,1000693),(60011,1000448,NULL,'Non Foundation','Nathaniel','amet,','Cleveland',1000673,1000578,0,1000087,'sem molestie sodales.',NULL,1,1000216),(60012,1000560,NULL,'Adipiscing Enim LLC','Forrest','feugiat.','Yang',1000408,1000492,0,1000257,'viverra. Maecenas iaculis',NULL,0,1000625),(60013,1000462,NULL,'In Faucibus PC','Brett','tempor','Riggs',1000586,1000495,1,1000005,'amet nulla. Donec',NULL,0,1000581),(60014,1000635,NULL,'Nulla Donec LLP','Caldwell','luctus,','Gordon',1000134,1000552,0,1000262,'at, egestas a,',NULL,1,1000292),(60015,1000491,NULL,'Lectus Convallis Est Company','Zane','faucibus','Ray',1000208,1000507,1,1000130,'Nunc ac sem',NULL,1,1000615),(60016,1000369,NULL,'Porttitor Incorporated','Kirk','ante','Ford',1000013,1000248,0,1000315,'diam at pretium',NULL,0,1000625),(60017,1000322,NULL,'Et Incorporated','Alexander','nisi','Bryan',1000555,1000407,1,1000119,'accumsan neque et',NULL,0,1000006),(60018,1000311,NULL,'Nisi Aenean Foundation','Nathaniel','eros.','Nguyen',1000061,1000197,1,1000054,'dui. Cras pellentesque.',NULL,0,1000228),(60019,1000521,NULL,'Ante Bibendum Corp.','Tucker','et,','Cortez',1000508,1000093,0,1000085,'amet ornare lectus',NULL,0,1000221),(60020,1000376,NULL,'Leo Morbi LLP','Nathaniel','adipiscing.','Conrad',1000191,1000469,0,1000085,'eros turpis non',NULL,0,1000244),(60021,1000347,NULL,'Mauris PC','Harrison','Pellentesque','Sheppard',1000191,1000186,1,1000080,'augue scelerisque mollis.',NULL,0,1000394),(60022,1000128,NULL,'Felis Nulla Ltd','Bradley','dapibus','Blevins',1000084,1000239,1,1000420,'vel lectus. Cum',NULL,0,1000428),(60023,1000063,NULL,'Risus Consulting','Kevin','magna.','Mcdonald',1000261,1000509,1,1000047,'augue scelerisque mollis.',NULL,0,1000622),(60024,1000635,NULL,'Magna Foundation','Wing','ultrices.','Marshall',1000103,1000254,0,1000142,'nonummy. Fusce fermentum',NULL,0,1000615),(60025,1000624,NULL,'Curabitur Ut Odio Limited','Rogan','Nunc','Lambert',1000144,1000300,0,1000529,'Vestibulum ante ipsum',NULL,0,1000637),(60026,1000606,NULL,'Cursus Luctus Ipsum Associates','Rajah','ipsum','Hess',1000555,1000215,1,1000297,'Vivamus nibh dolor,',NULL,0,1000672),(60027,1000034,NULL,'Odio Tristique Pharetra Inc.','Russell','libero','Bradley',1000335,1000300,0,1000042,'mi. Aliquam gravida',NULL,0,1000266),(60028,1000491,NULL,'Ullamcorper Eu Euismod Company','Raymond','Fusce','Stephenson',1000192,1000254,0,1000127,'lorem vitae odio',NULL,1,1000650),(60029,1000570,NULL,'Lobortis Class Incorporated','Ian','accumsan','Bond',1000640,1000522,0,1000095,'Nam interdum enim',NULL,1,1000304),(60030,1000448,NULL,'Aliquam Inc.','Vance','Quisque','Mcconnell',1000673,1000125,1,1000526,'ac urna. Ut',NULL,1,1000574),(60031,1000194,NULL,'Lorem Foundation','Tad','Etiam','Pena',1000287,1000215,1,1000378,'bibendum. Donec felis',NULL,0,1000060),(60032,1000305,NULL,'Nascetur Ridiculus LLC','Colorado','hendrerit.','Stein',1000208,1000312,1,1000127,'nunc risus varius',NULL,0,1000642),(60033,1000599,NULL,'Erat Eget Tincidunt LLP','Porter','in,','Frederick',1000020,1000496,1,1000133,'adipiscing ligula. Aenean',NULL,0,1000617),(60034,1000635,NULL,'Nibh Sit Amet Ltd','Kyle','eu','Avila',1000243,1000404,0,1000127,'pede. Cras vulputate',NULL,1,1000107),(60035,1000270,NULL,'Turpis Egestas Fusce Corporation','Lucius','Cras','Walls',1000508,1000239,1,1000660,'risus. Nunc ac',NULL,1,1000101),(60036,1000661,NULL,'Ipsum Donec Institute','Lucas','nec','Mason',1000673,1000522,0,1000135,'libero. Proin mi.',NULL,0,1000646),(60037,1000116,NULL,'At PC','Callum','gravida','Burgess',1000261,1000638,0,1000687,'mi lacinia mattis.',NULL,0,1000059),(60038,1000301,NULL,'Eu Odio Corp.','Brett','vitae','Burt',1000364,1000519,0,1000572,'vel arcu. Curabitur',NULL,1,1000357),(60039,1000449,NULL,'Risus Quisque Inc.','Amir','Nullam','Jacobson',1000559,1000659,0,1000342,'interdum. Nunc sollicitudin',NULL,0,1000644),(60040,1000063,NULL,'Semper Auctor Corporation','Reese','eu','Miranda',1000589,1000123,1,1000299,'felis orci, adipiscing',NULL,0,1000094),(60041,1000588,NULL,'Est Ac Facilisis LLP','Abdul','velit','Rose',1000203,1000552,0,1000577,'enim. Curabitur massa.',NULL,1,1000272),(60042,1000026,NULL,'Phasellus Inc.','Forrest','libero.','Potts',1000440,1000186,1,1000257,'lectus rutrum urna,',NULL,0,1000292),(60043,1000121,NULL,'Vivamus Nibh Dolor Corp.','Rooney','habitant','Mcintyre',1000192,1000368,0,1000054,'non enim. Mauris',NULL,1,1000669),(60044,1000512,NULL,'Cras Consulting','Howard','pretium','Butler',1000514,1000003,0,1000529,'sem. Nulla interdum.',NULL,1,1000107),(60045,1000249,NULL,'Eu Industries','Leroy','rutrum','Rich',1000559,1000517,1,1000525,'nulla. Integer vulputate,',NULL,1,1000399),(60046,1000445,NULL,'Egestas Rhoncus Proin Institute','Stone','ut','Hatfield',1000472,1000523,0,1000334,'convallis ligula. Donec',NULL,0,1000581),(60047,1000023,NULL,'Nec Foundation','Salvador','amet,','Stein',1000628,1000404,1,1000687,'netus et malesuada',NULL,1,1000596),(60048,1000196,NULL,'Adipiscing Incorporated','Tucker','Mauris','Melendez',1000015,1000598,0,1000328,'vel arcu eu',NULL,0,1000038),(60049,1000369,NULL,'Libero Dui LLC','Acton','ipsum','Haley',1000284,1000530,1,1000053,'Etiam laoreet, libero',NULL,1,1000060),(60050,1000425,NULL,'Proin Foundation','Len','Cras','Crane',1000563,1000123,1,1000417,'et ipsum cursus',NULL,0,1000644),(60051,1000489,NULL,'Nunc Ullamcorper Institute','Shad','risus.','Levy',1000033,1000652,1,1000334,'Cras eget nisi',NULL,1,1000266),(60052,1000489,NULL,'Ut Incorporated','Mason','metus.','Valencia',1000648,1000513,1,1000054,'cursus. Integer mollis.',NULL,0,1000272),(60053,1000473,NULL,'Arcu Vestibulum Ante Corp.','Eagan','non,','Savage',1000208,1000189,0,1000353,'libero at auctor',NULL,1,1000221),(60054,1000584,NULL,'Sem Egestas Incorporated','Dillon','pede,','Jackson',1000213,1000215,1,1000378,'a, magna. Lorem',NULL,0,1000392),(60055,1000618,NULL,'Placerat Incorporated','Ali','Integer','Booth',1000224,1000368,0,1000454,'euismod et, commodo',NULL,0,1000691),(60056,1000260,NULL,'Donec Nibh Industries','Myles','mauris','Chase',1000630,1000368,1,1000403,'arcu. Vivamus sit',NULL,1,1000317),(60057,1000132,NULL,'Nibh Institute','Owen','nisl.','Acevedo',1000673,1000367,0,1000360,'porta elit, a',NULL,1,1000216),(60058,1000270,NULL,'Ac Eleifend Consulting','Slade','lorem','Watkins',1000230,1000519,1,1000493,'primis in faucibus',NULL,0,1000266),(60059,1000391,NULL,'Fringilla Foundation','Palmer','enim,','Acevedo',1000192,1000018,1,1000083,'sit amet, consectetuer',NULL,0,1000086),(60060,1000466,NULL,'Fermentum Risus Associates','Troy','sapien','Saunders',1000665,1000482,0,1000298,'quis, pede. Suspendisse',NULL,0,1000401),(60061,1000338,NULL,'A Magna Lorem Foundation','Brady','at','Jackson',1000591,1000695,1,1000150,'tristique senectus et',NULL,1,1000574),(60062,1000593,NULL,'Tristique Pellentesque Limited','Edward','Praesent','Vaughan',1000474,1000437,1,1000135,'Sed id risus',NULL,1,1000592),(60063,1000269,NULL,'Ipsum Phasellus Vitae Limited','Wang','enim.','Hall',1000181,1000463,1,1000421,'nunc sed libero.',NULL,0,1000282),(60064,1000423,NULL,'Mus Limited','Jesse','in','Barnes',1000203,1000476,1,1000525,'Aliquam rutrum lorem',NULL,0,1000385),(60065,1000361,NULL,'Integer Id Magna LLP','Murphy','auctor','Knowles',1000426,1000495,0,1000441,'vitae dolor. Donec',NULL,0,1000442),(60066,1000217,NULL,'Dictum Mi Ac Industries','Cedric','ipsum','Shaw',1000355,1000068,1,1000375,'dui, in sodales',NULL,0,1000292),(60067,1000457,NULL,'Nonummy Ut Molestie Industries','Keefe','tellus','Perez',1000648,1000356,1,1000087,'lorem, luctus ut,',NULL,0,1000086),(60068,1000194,NULL,'Blandit Company','Silas','tempus','Livingston',1000243,1000583,0,1000133,'tellus faucibus leo,',NULL,0,1000349),(60069,1000218,NULL,'Donec Consectetuer Inc.','Rahim','rhoncus.','Kelley',1000224,1000407,0,1000411,'pharetra, felis eget',NULL,0,1000231),(60070,1000681,NULL,'Erat Neque Inc.','Axel','Duis','Cortez',1000555,1000017,1,1000253,'magna a neque.',NULL,0,1000152),(60071,1000684,NULL,'Velit Cras Associates','Bruno','nec,','Mckenzie',1000628,1000245,1,1000262,'Sed molestie. Sed',NULL,1,1000304),(60072,1000106,NULL,'Pede Praesent Company','Nash','eu','Sharpe',1000208,1000507,0,1000112,'ac mattis ornare,',NULL,0,1000349),(60073,1000600,NULL,'Sodales Nisi Magna LLC','Laith','Duis','Mooney',1000364,1000068,0,1000313,'sapien. Nunc pulvinar',NULL,1,1000036),(60074,1000606,NULL,'Augue Associates','Amery','ornare,','Guerrero',1000015,1000186,0,1000486,'cubilia Curae; Donec',NULL,0,1000439),(60075,1000226,NULL,'Donec Consectetuer Associates','Benjamin','Quisque','Mclaughlin',1000667,1000125,1,1000323,'urna suscipit nonummy.',NULL,1,1000443),(60076,1000451,NULL,'Duis Sit LLC','Jarrod','Suspendisse','Carver',1000586,1000149,0,1000259,'In at pede.',NULL,0,1000231),(60077,1000347,NULL,'Dictum Eu Ltd','Eaton','nibh.','Delgado',1000126,1000383,0,1000053,'erat, in consectetuer',NULL,1,1000271),(60078,1000325,NULL,'Etiam Ligula Tortor Corp.','Martin','conubia','Kim',1000084,1000276,0,1000253,'lorem lorem, luctus',NULL,0,1000694),(60079,1000561,NULL,'Ipsum Ltd','Asher','elit,','Patrick',1000173,1000300,0,1000085,'Suspendisse tristique neque',NULL,0,1000432),(60080,1000026,NULL,'Non Corporation','Damon','Suspendisse','Schneider',1000351,1000476,1,1000531,'Nulla facilisi. Sed',NULL,0,1000432),(60081,1000445,NULL,'Nulla At PC','Kasper','nec','William',1000208,1000184,0,1000328,'faucibus. Morbi vehicula.',NULL,1,1000244),(60082,1000078,NULL,'Tempor Augue Ac LLP','Finn','Morbi','Quinn',1000586,1000184,1,1000486,'magna. Praesent interdum',NULL,1,1000394),(60083,1000212,NULL,'Nonummy Associates','Raja','magna','Fletcher',1000173,1000248,1,1000047,'Proin dolor. Nulla',NULL,1,1000221),(60084,1000681,NULL,'Rhoncus Incorporated','Reuben','In','Walls',1000020,1000001,1,1000246,'imperdiet dictum magna.',NULL,1,1000228),(60085,1000573,NULL,'Lacus LLC','Branden','mauris','Lang',1000488,1000659,0,1000166,'velit in aliquet',NULL,1,1000637),(60086,1000524,NULL,'Lorem Ipsum Inc.','Dean','magna.','Merrill',1000697,1000009,1,1000529,'Morbi vehicula. Pellentesque',NULL,0,1000657),(60087,1000573,NULL,'Proin Vel Arcu Ltd','Griffin','ligula.','Rivera',1000224,1000578,0,1000297,'nisl elementum purus,',NULL,1,1000244),(60088,1000649,NULL,'Mauris Suspendisse Aliquet Consulting','Curran','a,','Lowe',1000514,1000677,1,1000405,'cursus a, enim.',NULL,1,1000575),(60089,1000011,NULL,'Odio Industries','Jonas','aliquet','Glass',1000555,1000522,0,1000158,'massa. Vestibulum accumsan',NULL,1,1000587),(60090,1000188,NULL,'Mi Enim Condimentum Foundation','Brady','libero','Dale',1000398,1000356,0,1000306,'rutrum eu, ultrices',NULL,1,1000461),(60091,1000551,NULL,'Nibh Quisque Industries','Ira','ullamcorper,','Mayer',1000563,1000571,1,1000083,'egestas lacinia. Sed',NULL,0,1000443),(60092,1000082,NULL,'Facilisis Eget Ipsum Industries','Cairo','mi,','Matthews',1000235,1000367,1,1000028,'Nunc ut erat.',NULL,0,1000461),(60093,1000645,NULL,'Curae; Donec Foundation','Neil','purus,','Massey',1000397,1000100,0,1000656,'fringilla cursus purus.',NULL,0,1000221),(60094,1000561,NULL,'Egestas Sed LLC','Caleb','sit','Fischer',1000632,1000695,0,1000069,'et magnis dis',NULL,1,1000581),(60095,1000409,NULL,'Egestas A Consulting','Denton','tortor.','Jarvis',1000555,1000519,1,1000405,'semper. Nam tempor',NULL,1,1000266),(60096,1000025,NULL,'Et LLC','Lev','risus.','Chapman',1000237,1000206,0,1000380,'massa. Integer vitae',NULL,1,1000304),(60097,1000311,NULL,'Pellentesque Sed Ltd','Brent','urna','Hicks',1000682,1000018,1,1000486,'quis, pede. Praesent',NULL,1,1000231),(60098,1000232,NULL,'Mauris Ut Associates','Stephen','Quisque','Francis',1000591,1000659,0,1000042,'neque et nunc.',NULL,1,1000244),(60099,1000098,NULL,'Fringilla Purus Limited','Dolan','Fusce','Velez',1000020,1000562,0,1000087,'Vivamus molestie dapibus',NULL,0,1000693),(60100,1000151,NULL,'Amet Consectetuer Inc.','Moses','vel,','Dickson',1000247,1000344,1,1000421,'et, lacinia vitae,',NULL,1,1000060);
/*!40000 ALTER TABLE `clients` ENABLE KEYS */;
UNLOCK TABLES;
/*!50003 SET @saved_cs_client      = @@character_set_client */ ;
/*!50003 SET @saved_cs_results     = @@character_set_results */ ;
/*!50003 SET @saved_col_connection = @@collation_connection */ ;
/*!50003 SET character_set_client  = utf8mb4 */ ;
/*!50003 SET character_set_results = utf8mb4 */ ;
/*!50003 SET collation_connection  = utf8mb4_0900_ai_ci */ ;
/*!50003 SET @saved_sql_mode       = @@sql_mode */ ;
/*!50003 SET sql_mode              = 'ONLY_FULL_GROUP_BY,STRICT_TRANS_TABLES,NO_ZERO_IN_DATE,NO_ZERO_DATE,ERROR_FOR_DIVISION_BY_ZERO,NO_ENGINE_SUBSTITUTION' */ ;
DELIMITER ;;
/*!50003 CREATE*/ /*!50017 DEFINER=`root`@`localhost`*/ /*!50003 TRIGGER `tg_clients_client_name` BEFORE INSERT ON `clients` FOR EACH ROW begin
		if (new.client_name is null) then
			set new.client_name = concat(new.first_name, ' ', new.last_name);
		end if;
    end */;;
DELIMITER ;
/*!50003 SET sql_mode              = @saved_sql_mode */ ;
/*!50003 SET character_set_client  = @saved_cs_client */ ;
/*!50003 SET character_set_results = @saved_cs_results */ ;
/*!50003 SET collation_connection  = @saved_col_connection */ ;
/*!50003 SET @saved_cs_client      = @@character_set_client */ ;
/*!50003 SET @saved_cs_results     = @@character_set_results */ ;
/*!50003 SET @saved_col_connection = @@collation_connection */ ;
/*!50003 SET character_set_client  = utf8mb4 */ ;
/*!50003 SET character_set_results = utf8mb4 */ ;
/*!50003 SET collation_connection  = utf8mb4_0900_ai_ci */ ;
/*!50003 SET @saved_sql_mode       = @@sql_mode */ ;
/*!50003 SET sql_mode              = 'ONLY_FULL_GROUP_BY,STRICT_TRANS_TABLES,NO_ZERO_IN_DATE,NO_ZERO_DATE,ERROR_FOR_DIVISION_BY_ZERO,NO_ENGINE_SUBSTITUTION' */ ;
DELIMITER ;;
/*!50003 CREATE*/ /*!50017 DEFINER=`root`@`localhost`*/ /*!50003 TRIGGER `tg_client_to_log` AFTER INSERT ON `clients` FOR EACH ROW begin
	insert into log (entity_id, entity_name, event_date)
		values (new.entity_id, new.client_name, now());
end */;;
DELIMITER ;
/*!50003 SET sql_mode              = @saved_sql_mode */ ;
/*!50003 SET character_set_client  = @saved_cs_client */ ;
/*!50003 SET character_set_results = @saved_cs_results */ ;
/*!50003 SET collation_connection  = @saved_col_connection */ ;


--
-- Dumping data for table `deliverings`
--

LOCK TABLES `deliverings` WRITE;
/*!40000 ALTER TABLE `deliverings` DISABLE KEYS */;
INSERT INTO `deliverings` VALUES (70000,1000211,NULL,20001,1000208,1000134,1000613,1000570,46,0,1000034,1000579,0,0,1,0,'non magna.','2017-05-04 04:09:48','2021-03-07 15:39:04','2021-01-02 23:07:08'),(70001,1000536,NULL,20001,1000243,1000563,1000106,1000098,120,0,1000098,1000678,0,1,0,0,'cursus non,','2012-01-01 05:08:10','2019-06-20 11:02:30','2019-07-13 13:23:35'),(70002,1000195,NULL,20001,1000490,1000364,1000151,1000491,139,0,1000570,1000240,1,0,1,1,'Vivamus sit amet','2015-06-28 03:56:28','2019-08-28 10:19:44','2019-03-31 15:07:03'),(70003,1000278,NULL,20001,1000472,1000070,1000067,1000512,121,1,1000462,1000099,0,1,0,1,'vestibulum','2010-11-16 05:51:42','2021-08-10 16:58:10','2020-05-25 00:42:22'),(70004,1000289,NULL,20002,1000396,1000032,1000270,1000491,36,1,1000624,1000182,1,1,1,0,'Fusce','2011-10-27 06:11:29','2020-05-14 16:52:05','2019-09-12 18:55:29'),(70005,1000629,NULL,20003,1000020,1000055,1000573,1000034,21,0,1000409,1000331,1,1,1,0,'rutrum','2020-10-17 13:08:48','2021-03-26 23:31:09','2020-12-26 08:28:17'),(70006,1000623,NULL,20007,1000586,1000397,1000573,1000132,106,1,1000325,1000480,1,1,1,1,'malesuada vel,','2011-05-22 15:21:35','2019-06-13 21:07:10','2020-03-31 19:02:20'),(70007,1000178,NULL,20002,1000402,1000667,1000635,1000346,45,1,1000473,1000129,1,0,0,1,'Aliquam tincidunt,','2020-02-26 07:51:55','2020-11-01 08:29:27','2021-08-01 16:32:37'),(70008,1000510,NULL,20004,1000173,1000555,1000338,1000196,58,0,1000034,1000240,1,0,0,0,'facilisis facilisis,','2013-09-27 02:30:17','2021-07-07 04:01:44','2019-11-28 22:06:22'),(70009,1000435,NULL,20008,1000632,1000235,1000270,1000188,108,1,1000473,1000487,0,1,0,1,'vel','2020-12-10 12:45:34','2019-08-02 12:08:37','2019-06-04 22:32:24'),(70010,1000471,NULL,20007,1000426,1000071,1000409,1000361,129,1,1000491,1000532,1,0,1,0,'luctus','2019-12-03 23:09:06','2020-04-15 00:58:12','2019-12-31 14:55:14'),(70011,1000309,NULL,20001,1000020,1000396,1000322,1000635,53,1,1000023,1000358,1,1,1,1,'Nunc ullamcorper,','2016-07-04 01:44:28','2019-08-28 11:08:07','2019-06-18 04:14:40'),(70012,1000623,NULL,20006,1000191,1000426,1000305,1000082,119,1,1000445,1000177,1,1,1,1,'tristique senectus','2021-12-30 09:05:44','2020-09-20 02:56:49','2019-12-27 04:37:23'),(70013,1000211,NULL,20008,1000673,1000634,1000423,1000260,47,1,1000551,1000062,1,0,0,0,'tempus mauris','2020-07-16 13:03:40','2021-05-24 10:18:17','2020-02-05 04:35:53'),(70014,1000700,NULL,20003,1000050,1000667,1000151,1000445,120,1,1000078,1000234,1,0,0,0,'convallis, ante','2011-08-24 09:31:08','2020-12-30 19:24:00','2020-04-19 03:23:53'),(70015,1000058,NULL,20002,1000555,1000144,1000618,1000524,57,0,1000684,1000480,1,1,1,1,'aliquam','2016-03-23 17:08:50','2021-11-16 09:55:31','2020-04-07 23:15:58'),(70016,1000456,NULL,20004,1000335,1000508,1000188,1000649,62,0,1000128,1000569,1,0,1,1,'orci lacus vestibulum','2021-03-20 23:21:14','2021-05-10 16:06:21','2018-10-14 14:39:39'),(70017,1000515,NULL,20006,1000032,1000682,1000346,1000409,33,1,1000322,1000506,1,1,1,0,'sit','2016-06-10 19:34:48','2021-01-05 14:23:05','2019-03-26 00:06:49'),(70018,1000307,NULL,20007,1000665,1000265,1000624,1000584,27,0,1000217,1000120,1,1,0,1,'erat vitae','2019-10-08 03:56:12','2022-01-05 22:52:41','2021-08-08 12:09:31'),(70019,1000365,NULL,20003,1000673,1000586,1000063,1000063,133,1,1000491,1000122,1,0,0,0,'facilisis non, bibendum','2016-08-04 12:46:35','2020-11-19 15:01:37','2021-01-20 12:58:28'),(70020,1000175,NULL,20003,1000032,1000265,1000011,1000479,126,0,1000584,1000658,0,1,1,1,'dui lectus','2010-02-20 19:29:28','2020-01-31 12:34:26','2020-12-04 05:51:43'),(70021,1000629,NULL,20003,1000144,1000287,1000681,1000423,48,1,1000260,1000331,1,0,1,0,'purus.','2014-07-13 02:31:49','2021-11-12 19:25:47','2021-07-05 04:36:39'),(70022,1000675,NULL,20003,1000293,1000071,1000491,1000593,61,1,1000026,1000568,1,1,1,0,'Aliquam','2021-02-12 12:49:04','2020-09-12 13:07:21','2021-02-28 15:23:26'),(70023,1000336,NULL,20004,1000586,1000203,1000560,1000026,141,1,1000063,1000162,1,0,1,0,'ipsum cursus','2013-05-27 23:59:15','2020-04-10 20:14:38','2021-12-05 03:55:10'),(70024,1000601,NULL,20006,1000589,1000555,1000593,1000218,25,0,1000573,1000480,0,0,0,0,'Sed id risus','2011-10-27 09:49:44','2020-06-08 08:20:47','2018-11-07 05:37:38'),(70025,1000160,NULL,20006,1000589,1000697,1000116,1000649,79,1,1000606,1000465,1,0,0,0,'non ante','2020-05-25 11:08:43','2020-07-09 14:58:01','2020-12-18 04:36:51'),(70026,1000204,NULL,20008,1000402,1000555,1000325,1000561,31,0,1000277,1000052,1,0,0,1,'metus','2012-04-30 05:18:17','2020-12-07 17:54:49','2021-01-09 23:28:27'),(70027,1000543,NULL,20004,1000673,1000109,1000277,1000226,115,1,1000026,1000580,1,1,0,1,'molestie','2012-09-12 02:14:20','2022-01-05 23:32:05','2020-05-24 03:06:21'),(70028,1000291,NULL,20004,1000472,1000490,1000560,1000347,142,1,1000462,1000108,0,0,1,1,'amet ante. Vivamus','2011-09-11 23:10:32','2020-09-16 19:40:14','2019-06-02 14:10:42'),(70029,1000372,NULL,20002,1000324,1000284,1000121,1000026,73,1,1000635,1000455,0,1,1,1,'non, lobortis quis,','2012-09-14 07:13:14','2021-03-14 20:37:50','2018-12-08 13:53:06'),(70030,1000148,NULL,20001,1000284,1000697,1000613,1000232,129,1,1000491,1000452,1,1,1,1,'elit.','2019-01-12 05:49:53','2020-03-11 19:39:34','2018-12-30 07:24:39'),(70031,1000327,NULL,20003,1000682,1000396,1000425,1000260,122,0,1000635,1000643,0,0,1,0,'Aliquam ultrices','2012-06-12 17:25:55','2020-05-26 14:10:59','2020-08-11 09:36:47'),(70032,1000236,NULL,20004,1000632,1000144,1000462,1000457,97,0,1000218,1000207,0,0,0,0,'dui quis','2019-01-01 07:05:34','2019-06-19 11:15:48','2020-08-03 10:30:03'),(70033,1000431,NULL,20006,1000192,1000179,1000624,1000311,118,1,1000132,1000643,1,0,1,0,'Pellentesque habitant','2016-05-30 14:34:37','2019-12-21 00:20:37','2019-10-01 18:47:01'),(70034,1000200,NULL,20001,1000173,1000335,1000063,1000645,41,0,1000445,1000363,1,1,0,1,'pharetra. Nam ac','2016-07-21 12:51:29','2020-02-09 04:10:57','2020-10-25 16:12:31'),(70035,1000601,NULL,20004,1000440,1000284,1000599,1000132,72,0,1000409,1000092,0,1,0,0,'dignissim.','2018-09-18 15:46:09','2020-04-16 02:23:30','2019-07-07 14:49:05'),(70036,1000629,NULL,20006,1000682,1000179,1000023,1000649,124,0,1000212,1000089,1,0,1,0,'Integer in magna.','2016-10-08 08:14:50','2020-12-29 09:26:36','2021-11-25 12:00:41'),(70037,1000370,NULL,20005,1000589,1000514,1000269,1000121,35,0,1000473,1000176,0,0,0,0,'eget','2011-01-23 11:00:07','2020-03-24 11:14:46','2019-12-22 00:03:04'),(70038,1000406,NULL,20001,1000665,1000235,1000606,1000218,54,1,1000445,1000662,0,0,0,0,'fringilla est.','2020-12-08 13:39:47','2019-12-25 22:37:54','2021-02-25 11:21:19'),(70039,1000279,NULL,20002,1000697,1000071,1000311,1000082,91,0,1000692,1000658,0,0,1,0,'Nunc mauris','2019-09-25 21:18:16','2019-11-05 19:18:51','2018-10-24 16:37:57'),(70040,1000456,NULL,20007,1000619,1000213,1000361,1000361,110,1,1000573,1000594,1,0,1,1,'odio','2021-07-23 12:18:47','2021-04-25 10:01:40','2020-11-16 10:08:30'),(70041,1000110,NULL,20007,1000555,1000630,1000593,1000624,69,0,1000121,1000285,0,1,1,1,'cursus','2010-08-17 09:59:28','2019-10-24 00:39:24','2020-07-21 02:15:49'),(70042,1000614,NULL,20002,1000192,1000243,1000098,1000445,134,0,1000194,1000057,1,0,0,0,'nec,','2015-06-11 07:10:20','2022-01-05 13:08:23','2019-01-11 08:05:36'),(70043,1000655,NULL,20002,1000398,1000379,1000606,1000479,141,1,1000491,1000167,1,1,1,1,'orci.','2015-12-03 18:57:29','2020-08-27 13:50:34','2018-10-23 07:48:45'),(70044,1000024,NULL,20008,1000426,1000134,1000445,1000570,139,1,1000025,1000343,1,0,1,0,'sed orci','2011-07-25 16:22:44','2021-05-14 04:03:22','2020-04-22 23:31:48'),(70045,1000389,NULL,20008,1000050,1000640,1000347,1000449,25,1,1000551,1000494,0,0,0,1,'sed dictum eleifend,','2011-07-18 22:08:22','2020-04-30 08:01:40','2021-02-28 22:52:54'),(70046,1000267,NULL,20006,1000139,1000213,1000445,1000301,55,0,1000681,1000229,1,1,1,1,'orci lobortis','2016-11-25 02:32:42','2020-08-18 21:04:20','2021-07-12 22:21:56'),(70047,1000515,NULL,20002,1000170,1000235,1000369,1000391,104,0,1000322,1000273,0,1,0,0,'Aliquam','2015-04-13 10:02:42','2019-08-14 08:03:17','2019-05-07 13:07:37'),(70048,1000290,NULL,20005,1000203,1000324,1000561,1000409,74,0,1000025,1000048,1,0,0,0,'mi. Duis','2015-09-12 04:29:15','2020-05-30 11:01:45','2020-01-30 12:18:06'),(70049,1000605,NULL,20001,1000265,1000192,1000561,1000026,144,0,1000448,1000487,1,0,0,0,'et, euismod et,','2013-12-28 12:24:27','2019-09-22 08:44:36','2020-05-30 21:01:18'),(70050,1000161,NULL,20002,1000355,1000173,1000593,1000311,135,1,1000194,1000595,0,1,0,0,'quam.','2020-08-23 13:17:38','2020-03-21 12:48:57','2021-04-05 06:57:09'),(70051,1000309,NULL,20008,1000474,1000335,1000606,1000025,150,0,1000684,1000169,1,1,0,0,'pellentesque,','2010-05-23 20:26:16','2021-11-17 22:11:17','2019-11-09 15:59:45'),(70052,1000497,NULL,20006,1000020,1000324,1000277,1000448,80,0,1000448,1000641,1,0,1,1,'mauris, rhoncus id,','2018-01-13 04:10:09','2021-05-23 19:23:03','2019-12-30 17:57:22'),(70053,1000430,NULL,20001,1000097,1000213,1000026,1000445,30,0,1000570,1000057,1,0,1,0,'a, enim. Suspendisse','2011-06-10 18:43:06','2020-11-11 14:14:43','2021-04-05 12:52:34'),(70054,1000074,NULL,20001,1000032,1000203,1000423,1000524,33,1,1000369,1000273,1,0,1,1,'egestas','2011-03-04 22:03:35','2020-12-14 01:14:45','2018-10-02 18:43:09'),(70055,1000498,NULL,20005,1000324,1000408,1000597,1000011,78,0,1000521,1000499,0,1,0,0,'ullamcorper eu, euismod','2017-06-20 02:22:35','2021-05-18 13:01:50','2020-03-01 06:47:52'),(70056,1000374,NULL,20005,1000113,1000397,1000466,1000681,114,1,1000489,1000129,1,0,0,1,'ornare, libero','2020-04-07 13:21:13','2019-06-24 07:57:37','2021-08-13 21:04:44'),(70057,1000131,NULL,20003,1000488,1000051,1000034,1000491,57,1,1000584,1000280,1,1,0,1,'ligula.','2012-12-18 20:21:40','2019-11-04 08:58:09','2019-04-20 06:04:35'),(70058,1000653,NULL,20008,1000173,1000090,1000593,1000561,148,1,1000684,1000643,0,1,1,1,'nostra, per','2014-08-26 17:08:26','2020-01-07 04:15:14','2020-03-19 16:03:08'),(70059,1000535,NULL,20006,1000355,1000332,1000423,1000226,86,0,1000226,1000057,0,1,0,1,'malesuada augue','2012-01-28 19:17:57','2022-01-19 00:33:51','2020-05-06 05:09:05'),(70060,1000267,NULL,20002,1000192,1000563,1000270,1000322,73,1,1000451,1000483,1,1,1,1,'massa','2015-09-05 06:01:08','2020-01-30 10:40:57','2020-03-01 09:30:45'),(70061,1000178,NULL,20008,1000090,1000051,1000448,1000011,78,1,1000217,1000662,0,1,1,1,'ligula. Donec','2018-08-10 05:57:23','2020-07-18 10:56:13','2021-08-10 14:13:58'),(70062,1000110,NULL,20006,1000192,1000398,1000635,1000025,45,0,1000347,1000384,1,1,0,1,'justo. Praesent luctus.','2012-02-12 17:49:45','2019-09-30 21:49:45','2021-06-15 19:37:15'),(70063,1000321,NULL,20003,1000144,1000586,1000524,1000325,110,0,1000635,1000091,0,1,1,1,'et,','2011-03-25 20:14:19','2019-07-02 02:36:24','2021-09-02 01:18:48'),(70064,1000321,NULL,20001,1000665,1000284,1000445,1000270,118,0,1000026,1000129,1,1,1,1,'Nullam velit','2015-04-27 22:04:39','2020-12-17 20:38:51','2019-09-02 18:38:16'),(70065,1000279,NULL,20003,1000324,1000247,1000196,1000600,47,1,1000194,1000136,0,0,1,0,'sed,','2018-10-11 10:54:30','2021-12-06 11:09:38','2020-08-09 07:58:21'),(70066,1000329,NULL,20007,1000261,1000416,1000347,1000347,51,0,1000606,1000099,0,0,0,0,'turpis non enim.','2019-02-16 09:56:30','2021-12-20 09:37:38','2021-08-17 12:45:08'),(70067,1000620,NULL,20008,1000586,1000070,1000082,1000217,82,0,1000082,1000153,1,1,0,1,'eleifend vitae,','2010-08-08 08:24:15','2021-02-20 07:31:45','2021-06-08 19:09:41'),(70068,1000102,NULL,20001,1000335,1000508,1000151,1000635,125,1,1000226,1000207,1,0,1,0,'orci luctus et','2017-08-24 08:22:51','2021-05-19 05:59:14','2021-07-21 09:04:54'),(70069,1000601,NULL,20003,1000555,1000134,1000448,1000301,73,0,1000270,1000099,0,0,0,0,'Integer tincidunt aliquam','2019-08-22 03:44:14','2020-02-15 06:07:42','2018-10-13 14:37:59'),(70070,1000010,NULL,20006,1000144,1000139,1000613,1000645,134,1,1000063,1000658,1,0,0,0,'Sed molestie.','2010-03-18 02:38:09','2019-07-19 06:58:28','2021-03-15 09:57:38'),(70071,1000544,NULL,20004,1000213,1000055,1000645,1000423,150,0,1000347,1000483,1,0,1,1,'ac mattis','2015-09-26 22:13:03','2021-06-18 13:54:18','2021-10-01 06:22:13'),(70072,1000544,NULL,20005,1000084,1000213,1000593,1000128,22,1,1000376,1000549,1,1,1,1,'euismod','2012-12-12 03:52:21','2019-12-28 15:40:07','2020-11-04 04:27:52'),(70073,1000510,NULL,20003,1000563,1000555,1000409,1000451,71,1,1000325,1000569,0,0,1,0,'nisi','2010-07-17 13:37:24','2021-11-29 14:59:56','2020-03-08 17:57:32'),(70074,1000193,NULL,20001,1000134,1000555,1000260,1000232,93,1,1000573,1000057,0,1,0,0,'conubia nostra, per','2011-08-12 20:08:37','2020-03-21 04:56:36','2021-07-31 06:54:10'),(70075,1000365,NULL,20007,1000084,1000134,1000466,1000451,117,1,1000462,1000487,0,1,0,0,'sed tortor.','2016-01-15 09:10:43','2021-08-07 03:14:20','2020-11-23 19:52:14'),(70076,1000165,NULL,20002,1000033,1000070,1000116,1000584,87,1,1000489,1000537,1,0,0,0,'dapibus ligula.','2017-02-06 05:07:14','2021-02-11 07:41:17','2020-04-09 21:19:38'),(70077,1000155,NULL,20006,1000061,1000070,1000391,1000681,65,0,1000116,1000129,1,0,1,1,'Sed nunc','2016-03-16 21:37:02','2022-01-08 10:14:20','2018-11-21 01:40:33'),(70078,1000520,NULL,20003,1000398,1000235,1000606,1000635,105,0,1000613,1000207,0,0,1,1,'egestas ligula. Nullam','2022-01-09 18:38:11','2021-05-21 08:30:18','2020-02-10 04:17:49'),(70079,1000700,NULL,20005,1000502,1000097,1000451,1000448,50,0,1000649,1000487,0,0,0,0,'In','2014-08-03 09:03:49','2019-06-21 20:14:42','2021-12-01 17:34:50'),(70080,1000515,NULL,20002,1000134,1000173,1000132,1000425,52,0,1000011,1000680,0,1,0,0,'erat.','2021-08-12 02:24:30','2019-12-09 05:32:34','2020-06-09 23:09:39'),(70081,1000333,NULL,20008,1000630,1000589,1000512,1000194,23,0,1000346,1000580,0,0,1,0,'mauris. Integer sem','2020-10-13 17:55:20','2021-01-30 16:04:51','2021-05-16 18:53:12'),(70082,1000039,NULL,20006,1000191,1000335,1000560,1000305,145,0,1000391,1000048,0,0,0,1,'ut, sem.','2014-02-17 18:21:28','2019-09-08 16:33:04','2021-02-04 02:44:53'),(70083,1000381,NULL,20003,1000586,1000284,1000604,1000121,113,1,1000132,1000122,1,1,0,1,'scelerisque dui. Suspendisse','2016-08-30 01:41:56','2019-12-13 11:44:23','2020-07-12 02:45:41'),(70084,1000211,NULL,20008,1000261,1000559,1000277,1000524,121,1,1000599,1000384,0,0,1,1,'at,','2017-03-07 08:51:59','2020-07-31 06:53:39','2021-06-21 07:15:58'),(70085,1000010,NULL,20005,1000179,1000402,1000325,1000023,88,1,1000347,1000176,0,0,1,1,'eleifend. Cras sed','2018-09-12 01:36:58','2020-01-17 02:56:07','2019-10-27 04:23:04'),(70086,1000341,NULL,20002,1000634,1000284,1000249,1000082,50,0,1000106,1000384,0,0,1,0,'lectus ante dictum','2014-02-14 00:17:28','2021-02-26 00:26:10','2019-06-29 06:05:52'),(70087,1000175,NULL,20005,1000208,1000126,1000445,1000489,105,1,1000588,1000532,1,1,0,1,'risus.','2010-09-19 06:33:08','2019-11-25 10:52:00','2021-09-11 18:07:52'),(70088,1000515,NULL,20002,1000640,1000555,1000347,1000560,123,1,1000448,1000414,1,0,1,0,'purus.','2010-06-07 08:13:46','2020-06-29 01:28:50','2018-10-29 11:55:15'),(70089,1000542,NULL,20005,1000589,1000416,1000451,1000584,99,0,1000128,1000641,0,1,0,1,'eros nec tellus.','2017-03-12 00:45:04','2020-07-24 10:11:01','2018-12-18 07:06:32'),(70090,1000168,NULL,20007,1000555,1000630,1000025,1000445,39,0,1000624,1000205,1,0,1,0,'congue,','2018-05-15 00:29:15','2021-08-20 15:52:56','2019-06-09 19:49:11'),(70091,1000475,NULL,20003,1000470,1000173,1000448,1000489,93,0,1000369,1000499,0,0,0,1,'diam','2019-05-20 23:58:55','2021-03-21 20:13:34','2021-02-10 18:13:05'),(70092,1000008,NULL,20008,1000191,1000488,1000462,1000449,22,1,1000361,1000658,0,1,1,0,'Suspendisse eleifend. Cras','2017-01-15 04:53:29','2021-01-11 15:17:36','2019-01-16 04:33:22'),(70093,1000535,NULL,20006,1000619,1000630,1000473,1000078,134,0,1000573,1000062,0,0,0,1,'sociis','2011-08-02 06:04:18','2021-12-22 12:48:32','2021-01-12 04:18:56'),(70094,1000290,NULL,20001,1000555,1000472,1000491,1000588,129,1,1000011,1000483,1,1,1,1,'tellus','2019-05-09 21:24:34','2020-04-10 21:38:55','2021-02-24 18:26:51'),(70095,1000004,NULL,20006,1000209,1000181,1000521,1000462,130,0,1000473,1000169,0,0,0,0,'velit. Quisque','2015-09-24 23:54:40','2020-12-03 16:26:09','2020-01-03 17:09:04'),(70096,1000045,NULL,20005,1000352,1000514,1000338,1000026,94,0,1000188,1000643,0,0,1,0,'ornare sagittis felis.','2017-04-19 06:49:17','2022-01-20 05:23:00','2021-06-13 14:19:56'),(70097,1000088,NULL,20006,1000589,1000667,1000026,1000449,98,1,1000635,1000091,0,1,0,0,'luctus.','2018-06-14 20:41:03','2021-10-26 12:44:57','2018-10-23 18:20:52'),(70098,1000460,NULL,20003,1000109,1000474,1000448,1000376,91,1,1000011,1000229,0,1,0,1,'facilisis, magna tellus','2011-10-06 09:32:20','2021-01-29 21:50:12','2019-02-11 20:15:46'),(70099,1000484,NULL,20001,1000109,1000097,1000347,1000448,136,1,1000063,1000569,0,1,1,1,'nonummy','2010-12-24 09:04:23','2021-04-23 09:04:53','2021-04-14 10:41:55'),(70100,1000704,NULL,20001,1000185,1000514,1000692,1000451,910.16,1,1000451,NULL,0,0,0,0,'Test delivering SP',NULL,NULL,NULL);
/*!40000 ALTER TABLE `deliverings` ENABLE KEYS */;
UNLOCK TABLES;
/*!50003 SET @saved_cs_client      = @@character_set_client */ ;
/*!50003 SET @saved_cs_results     = @@character_set_results */ ;
/*!50003 SET @saved_col_connection = @@collation_connection */ ;
/*!50003 SET character_set_client  = utf8mb4 */ ;
/*!50003 SET character_set_results = utf8mb4 */ ;
/*!50003 SET collation_connection  = utf8mb4_0900_ai_ci */ ;
/*!50003 SET @saved_sql_mode       = @@sql_mode */ ;
/*!50003 SET sql_mode              = 'ONLY_FULL_GROUP_BY,STRICT_TRANS_TABLES,NO_ZERO_IN_DATE,NO_ZERO_DATE,ERROR_FOR_DIVISION_BY_ZERO,NO_ENGINE_SUBSTITUTION' */ ;
DELIMITER ;;
/*!50003 CREATE*/ /*!50017 DEFINER=`root`@`localhost`*/ /*!50003 TRIGGER `tg_delivering_to_log` AFTER INSERT ON `deliverings` FOR EACH ROW begin
	insert into log (entity_id, entity_name, event_date)
		values (new.entity_id, 'delivering', now());
end */;;
DELIMITER ;
/*!50003 SET sql_mode              = @saved_sql_mode */ ;
/*!50003 SET character_set_client  = @saved_cs_client */ ;
/*!50003 SET character_set_results = @saved_cs_results */ ;
/*!50003 SET collation_connection  = @saved_col_connection */ ;


--
-- Dumping data for table `email`
--

LOCK TABLES `email` WRITE;
/*!40000 ALTER TABLE `email` DISABLE KEYS */;
INSERT INTO `email` VALUES (300000,1000202,'Nullam@non.co.uk','et, euismod et,'),(300001,1000525,'urna.et.arcu@cursusetmagna.net','et malesuada fames ac'),(300002,1000166,'diam.Duis.mi@nuncullamcorper.co.uk','Nulla interdum. Curabitur dictum. Phasellus'),(300003,1000259,'cursus.Integer@turpisnon.net','Sed neque. Sed eget'),(300004,1000417,'luctus.vulputate@luctus.co.uk','tellus justo sit'),(300005,1000246,'dictum.Proin@fringilla.co.uk','libero lacus, varius'),(300006,1000319,'dui@purus.net','laoreet posuere, enim'),(300007,1000405,'tristique@malesuadafamesac.org','id, blandit at, nisi. Cum'),(300008,1000133,'vitae.erat.Vivamus@ac.edu','sed,'),(300009,1000382,'feugiat.Sed@condimentumegetvolutpat.net','blandit congue. In scelerisque'),(300010,1000158,'congue.a.aliquet@arcuMorbi.net','Phasellus'),(300011,1000477,'Curae.Donec.tincidunt@maurisut.co.uk','semper. Nam tempor diam dictum'),(300012,1000411,'non.quam.Pellentesque@egetvenenatisa.edu','gravida. Aliquam tincidunt,'),(300013,1000005,'natoque.penatibus@diamPellentesquehabitant.net','lobortis'),(300014,1000656,'magna.Praesent@mauris.edu','Aliquam'),(300015,1000085,'dapibus.gravida.Aliquam@dapibusgravidaAliquam.org','lacus. Ut nec urna'),(300016,1000353,'Donec.est@enimcondimentum.edu','magna. Duis dignissim'),(300017,1000174,'Phasellus@volutpat.edu','blandit viverra. Donec tempus,'),(300018,1000054,'elit.Aliquam@Uttinciduntvehicula.ca','aptent'),(300019,1000636,'justo.sit@magnamalesuadavel.com','eu lacus. Quisque'),(300020,1000257,'ante.Vivamus@pharetra.com','ullamcorper. Duis at lacus.'),(300021,1000299,'enim.nisl.elementum@erosnec.ca','et, commodo at, libero. Morbi'),(300022,1000478,'Nulla.tincidunt@auctor.ca','lacus. Quisque purus sapien,'),(300023,1000297,'nulla.vulputate.dui@non.net','lorem ut aliquam iaculis, lacus'),(300024,1000119,'fermentum.convallis.ligula@nondapibus.ca','ac nulla. In tincidunt congue'),(300025,1000699,'hendrerit.Donec.porttitor@vehicula.net','lectus rutrum urna, nec'),(300026,1000049,'purus.Maecenas@leoMorbineque.ca','lobortis, nisi nibh lacinia'),(300027,1000087,'diam@consectetuer.ca','erat'),(300028,1000042,'aliquet.magna@sitametultricies.net','dignissim'),(300029,1000306,'ut@sit.ca','libero. Proin'),(300030,1000531,'amet@turpis.com','Sed diam lorem, auctor quis,'),(300031,1000687,'venenatis@senectusetnetus.org','vel,'),(300032,1000049,'rutrum@pellentesque.co.uk','id, libero. Donec consectetuer mauris'),(300033,1000127,'Duis.dignissim.tempor@Suspendisse.edu','a neque. Nullam ut'),(300034,1000323,'ipsum@nonvestibulum.net','a'),(300035,1000037,'aliquam.arcu.Aliquam@scelerisque.edu','porttitor vulputate, posuere'),(300036,1000220,'consectetuer.mauris@sed.org','lectus. Cum'),(300037,1000420,'gravida.Aliquam.tincidunt@mauriselit.ca','facilisi. Sed neque. Sed eget'),(300038,1000150,'fringilla.purus@ornare.net','arcu'),(300039,1000275,'Nunc.quis.arcu@necleo.com','vitae, orci. Phasellus'),(300040,1000142,'eget.mollis.lectus@tellusimperdietnon.ca','vel pede blandit'),(300041,1000342,'laoreet.posuere@egestas.com','at arcu.'),(300042,1000486,'faucibus.Morbi@senectusetnetus.com','est tempor bibendum. Donec felis'),(300043,1000419,'Vestibulum.accumsan@massanon.ca','eleifend egestas. Sed'),(300044,1000415,'pede.Cum.sociis@non.ca','Integer aliquam adipiscing'),(300045,1000069,'gravida@velconvallisin.co.uk','lectus'),(300046,1000242,'sit.amet@Maecenasliberoest.org','dignissim pharetra. Nam'),(300047,1000295,'Aenean@Aeneaneget.co.uk','magna sed'),(300048,1000529,'neque@sapien.net','vitae, aliquet nec, imperdiet'),(300049,1000334,'scelerisque.neque@pretiumnequeMorbi.net','eget,'),(300050,1000135,'eget.metus.In@Mauris.net','vel est tempor bibendum. Donec'),(300051,1000565,'sem@acmattis.net','dapibus'),(300052,1000660,'venenatis.a.magna@Sedeunibh.com','in'),(300053,1000313,'ullamcorper@magnamalesuadavel.co.uk','lacus. Etiam bibendum fermentum'),(300054,1000262,'ac.fermentum@augueutlacus.co.uk','imperdiet ornare. In faucibus.'),(300055,1000654,'Nulla.facilisis@lobortisnisinibh.ca','Nunc commodo auctor velit.'),(300056,1000493,'a.odio@vitaealiquetnec.org','malesuada'),(300057,1000686,'est.ac.mattis@dictum.org','massa'),(300058,1000250,'libero.nec.ligula@idenimCurabitur.edu','Suspendisse sagittis.'),(300059,1000444,'erat@eget.ca','neque. Morbi'),(300060,1000454,'Morbi.quis@magnaa.net','diam eu dolor'),(300061,1000095,'magna@lectus.edu','augue id ante'),(300062,1000627,'a@dictumplacerat.edu','Donec tempus, lorem fringilla ornare'),(300063,1000253,'Phasellus@ornare.ca','Nullam'),(300064,1000054,'parturient.montes.nascetur@ut.com','dui, semper et, lacinia vitae,'),(300065,1000112,'enim.nec@montes.ca','Aliquam adipiscing lobortis risus. In'),(300066,1000378,'Phasellus.at.augue@ligula.ca','urna. Nunc'),(300067,1000187,'dictum@amet.co.uk','Sed eu'),(300068,1000253,'lobortis.risus.In@arcuiaculis.co.uk','nisi'),(300069,1000403,'dignissim.lacus@eleifendegestasSed.com','eget, ipsum. Donec'),(300070,1000526,'cursus.et.eros@ante.com','Praesent interdum ligula eu'),(300071,1000441,'Curabitur@amagna.com','morbi tristique senectus'),(300072,1000127,'at.sem@diamSed.edu','cursus vestibulum. Mauris magna. Duis'),(300073,1000281,'Maecenas@velvulputateeu.net','fermentum risus, at'),(300074,1000493,'eu.dui.Cum@scelerisqueduiSuspendisse.ca','lorem'),(300075,1000572,'Cras.dolor@Suspendisse.co.uk','nonummy ipsum non arcu. Vivamus'),(300076,1000375,'Mauris.vestibulum@sociis.org','Curabitur egestas nunc'),(300077,1000298,'erat.volutpat.Nulla@Aliquam.co.uk','et netus et malesuada'),(300078,1000421,'volutpat@Vivamus.net','scelerisque dui. Suspendisse'),(300079,1000348,'at@fermentumrisus.co.uk','interdum enim non nisi. Aenean'),(300080,1000083,'et.euismod@utcursusluctus.ca','porttitor interdum.'),(300081,1000315,'magna.tellus@hymenaeosMauris.org','non lorem vitae odio sagittis'),(300082,1000028,'ut@dolor.org','Nam interdum enim non'),(300083,1000047,'et.magna@eudoloregestas.com','metus'),(300084,1000053,'eu@lectus.co.uk','Aenean gravida nunc'),(300085,1000664,'Aenean.eget@eu.edu','a, dui. Cras pellentesque. Sed'),(300086,1000258,'amet.orci.Ut@eget.edu','sed, hendrerit a,'),(300087,1000328,'Sed.molestie.Sed@DonecnibhQuisque.edu','egestas. Sed pharetra, felis eget'),(300088,1000511,'ornare@pellentesqueafacilisis.ca','Vestibulum ut eros non enim'),(300089,1000505,'Duis.ac@rhoncus.co.uk','enim, sit'),(300090,1000360,'sollicitudin.a@enimSuspendissealiquet.ca','sociosqu ad'),(300091,1000577,'Phasellus.fermentum@Nullamvelit.net','sem ut'),(300092,1000130,'eros.nec.tellus@consectetuer.org','urna et arcu imperdiet'),(300093,1000077,'Cras.lorem@DonecegestasDuis.net','Aliquam gravida mauris ut'),(300094,1000380,'dui.in@Donecnibhenim.net','id, ante. Nunc mauris'),(300095,1000550,'ipsum@erosNam.co.uk','vel,'),(300096,1000566,'Donec.est@dui.com','elementum, lorem ut aliquam'),(300097,1000297,'malesuada.id.erat@blanditenimconsequat.org','sagittis placerat. Cras dictum'),(300098,1000690,'arcu@consectetuer.net','ac, feugiat'),(300099,1000080,'Fusce@euultrices.org','velit');
/*!40000 ALTER TABLE `email` ENABLE KEYS */;
UNLOCK TABLES;

--
-- Dumping data for table `entity_table`
--

LOCK TABLES `entity_table` WRITE;
/*!40000 ALTER TABLE `entity_table` DISABLE KEYS */;
INSERT INTO `entity_table` VALUES (1000000,'2021-01-21 15:59:02','2018-01-03 15:17:49',0),(1000001,'2010-10-25 19:08:11','2013-03-27 23:01:08',0),(1000002,'2017-05-05 15:16:26','2021-01-23 13:28:08',0),(1000003,'2017-11-28 15:23:05','2017-09-08 01:16:50',1),(1000004,'2014-04-14 19:40:26','2019-09-11 03:57:35',0),(1000005,'2013-03-18 20:49:49','2021-01-23 13:28:08',0),(1000006,'2015-08-14 19:29:00','2013-05-26 15:10:09',0),(1000007,'2014-09-23 00:11:52','2021-01-23 13:28:08',0),(1000008,'2017-07-15 08:35:09','2021-01-23 13:28:08',0),(1000009,'2019-08-06 02:28:58','2013-07-10 03:40:43',1),(1000010,'2019-05-23 09:10:14','2012-06-18 13:11:48',0),(1000011,'2018-09-11 11:41:43','2013-09-08 06:11:29',0),(1000012,'2015-07-31 23:25:45','2012-06-05 08:39:04',0),(1000013,'2016-09-02 14:46:30','2019-06-06 17:12:10',0),(1000014,'2018-10-29 06:59:54','2012-07-16 13:08:43',0),(1000015,'2015-05-07 01:56:39','2014-05-09 20:41:13',0),(1000016,'2013-08-21 18:48:40','2015-11-30 01:00:11',0),(1000017,'2013-06-02 00:27:40','2021-01-23 13:28:08',0),(1000018,'2011-10-31 23:05:51','2010-01-17 16:51:30',1),(1000019,'2011-03-05 06:43:45','2011-02-03 16:17:57',0),(1000020,'2010-11-20 02:58:28','2021-01-23 13:28:08',0),(1000021,'2013-03-14 12:23:07','2012-12-10 08:12:02',0),(1000022,'2021-10-16 10:35:58','2010-01-06 10:57:37',0),(1000023,'2014-12-12 01:59:10','2011-12-04 23:52:59',1),(1000024,'2019-05-09 20:38:24','2010-07-22 19:49:03',0),(1000025,'2013-09-10 08:56:05','2017-10-24 20:46:11',0),(1000026,'2012-10-17 18:37:45','2013-05-08 10:33:39',0),(1000027,'2021-09-21 20:16:26','2016-08-31 17:59:33',0),(1000028,'2016-12-20 11:36:25','2021-09-06 01:07:49',0),(1000029,'2010-10-03 08:15:57','2011-06-03 06:10:11',0),(1000030,'2016-09-09 12:35:26','2016-11-15 11:51:49',0),(1000031,'2018-05-27 16:29:25','2015-09-24 09:27:53',1),(1000032,'2016-11-07 22:30:35','2012-09-19 15:45:11',0),(1000033,'2021-01-23 10:59:46','2021-01-23 13:28:08',0),(1000034,'2018-04-11 02:52:49','2020-07-20 04:27:56',0),(1000035,'2018-04-29 11:29:31','2014-11-07 21:43:09',0),(1000036,'2012-10-08 03:00:36','2013-12-06 15:30:04',0),(1000037,'2010-08-13 23:37:20','2021-01-23 13:28:08',0),(1000038,'2015-09-29 02:55:44','2019-04-20 16:49:53',0),(1000039,'2015-10-09 13:58:23','2018-09-19 20:52:46',0),(1000040,'2018-06-09 10:28:10','2015-12-13 12:58:35',1),(1000041,'2019-05-17 04:24:10','2021-01-23 13:28:08',0),(1000042,'2020-09-22 12:11:20','2020-06-25 04:43:02',0),(1000043,'2014-11-05 03:15:16','2021-06-27 01:12:38',0),(1000044,'2021-03-08 08:00:27','2021-04-03 22:54:34',0),(1000045,'2017-05-20 12:14:43','2010-08-13 08:50:06',0),(1000046,'2013-06-30 18:51:45','2013-05-21 09:49:06',0),(1000047,'2018-09-05 15:29:04','2020-12-19 23:44:24',0),(1000048,'2018-01-29 11:58:39','2014-01-07 15:10:13',1),(1000049,'2020-06-02 10:48:48','2021-01-23 13:28:08',0),(1000050,'2013-04-19 13:14:52','2021-03-04 06:08:17',0),(1000051,'2021-01-05 22:40:41','2021-06-10 09:13:36',0),(1000052,'2012-04-29 11:29:25','2011-09-27 03:18:09',0),(1000053,'2012-09-12 10:22:57','2018-08-15 03:56:14',0),(1000054,'2018-08-13 12:47:54','2012-11-06 11:56:47',1),(1000055,'2012-10-31 18:54:46','2021-01-23 13:28:08',0),(1000056,'2012-05-30 06:23:20','2019-05-22 13:35:49',0),(1000057,'2014-01-02 03:24:31','2021-01-23 13:28:08',0),(1000058,'2014-12-11 15:00:01','2021-01-23 13:28:08',0),(1000059,'2017-06-23 14:28:18','2021-07-27 05:33:07',0),(1000060,'2018-07-12 08:41:27','2011-10-05 03:12:57',1),(1000061,'2014-06-08 19:31:21','2021-01-23 13:28:08',0),(1000062,'2014-03-02 05:14:28','2021-01-23 13:28:08',0),(1000063,'2015-09-11 01:22:35','2018-01-09 17:19:42',0),(1000064,'2021-10-07 05:18:23','2019-09-22 18:41:19',0),(1000065,'2011-01-29 09:52:43','2021-01-23 13:28:08',0),(1000066,'2017-05-03 15:06:35','2019-09-28 03:09:07',0),(1000067,'2017-10-13 06:32:32','2012-02-17 23:09:36',0),(1000068,'2015-08-26 14:53:09','2013-03-21 21:41:04',1),(1000069,'2021-07-15 10:37:07','2019-08-02 20:15:38',0),(1000070,'2012-08-14 18:04:09','2015-05-28 10:30:31',0),(1000071,'2019-08-30 04:38:59','2019-12-11 13:57:48',0),(1000072,'2011-01-16 19:33:33','2010-06-24 00:13:47',1),(1000073,'2011-11-04 18:34:12','2021-01-23 13:28:08',0),(1000074,'2021-05-31 02:06:46','2015-04-16 10:33:34',0),(1000075,'2018-11-13 08:44:42','2010-10-07 02:54:21',0),(1000076,'2021-03-24 11:25:47','2015-05-29 07:56:22',1),(1000077,'2021-11-26 12:15:47','2015-08-16 15:34:58',1),(1000078,'2011-02-06 03:36:53','2021-01-23 13:28:08',0),(1000079,'2017-03-08 10:18:31','2012-02-17 00:26:09',0),(1000080,'2021-07-21 06:09:46','2013-06-19 18:45:55',1),(1000081,'2013-04-30 13:52:04','2021-01-23 13:28:08',0),(1000082,'2020-04-18 13:51:10','2019-11-15 04:29:01',1),(1000083,'2019-05-15 14:01:04','2013-12-26 16:22:41',1),(1000084,'2015-06-23 07:23:18','2021-01-23 13:28:08',0),(1000085,'2019-04-08 17:29:18','2011-11-12 09:28:58',0),(1000086,'2012-02-12 21:25:18','2021-01-23 13:28:08',0),(1000087,'2014-01-27 05:18:50','2019-07-20 16:49:45',0),(1000088,'2015-06-07 20:51:09','2018-04-04 12:41:54',0),(1000089,'2010-09-26 02:57:21','2021-01-23 13:28:08',0),(1000090,'2011-01-18 16:04:59','2021-01-23 13:28:08',0),(1000091,'2011-09-15 19:05:41','2021-01-23 13:28:08',0),(1000092,'2014-08-04 12:00:18','2021-01-23 13:28:08',0),(1000093,'2018-06-15 22:53:25','2013-08-22 16:24:32',1),(1000094,'2016-07-01 22:31:29','2021-01-23 13:28:08',0),(1000095,'2020-03-19 01:40:32','2014-07-01 07:19:51',0),(1000096,'2012-07-17 01:13:42','2021-01-23 13:28:08',0),(1000097,'2012-08-01 07:06:44','2021-01-23 13:28:08',0),(1000098,'2014-07-13 23:41:03','2021-01-23 13:28:08',0),(1000099,'2018-12-09 13:56:51','2018-10-19 13:12:09',1),(1000100,'2021-03-30 17:22:09','2021-07-24 00:57:19',0),(1000101,'2020-12-06 06:50:47','2021-01-23 13:28:08',0),(1000102,'2021-01-20 07:53:02','2021-11-13 11:32:13',0),(1000103,'2021-10-06 04:18:02','2020-08-26 05:30:35',0),(1000104,'2021-11-05 16:45:28','2021-10-16 03:42:23',0),(1000105,'2020-04-17 15:08:52','2021-01-23 13:28:08',0),(1000106,'2021-08-13 16:34:42','2020-06-18 06:25:05',1),(1000107,'2021-11-16 21:59:56','2021-10-13 21:38:01',1),(1000108,'2021-10-02 09:16:58','2021-07-02 11:53:03',1),(1000109,'2020-05-04 11:18:04','2020-12-12 00:43:34',0),(1000110,'2020-12-05 04:46:56','2021-06-27 23:57:58',0),(1000111,'2021-12-04 19:41:39','2021-12-03 07:57:05',1),(1000112,'2021-10-11 11:53:38','2021-01-09 03:07:21',0),(1000113,'2020-04-29 02:55:38','2020-03-07 15:21:19',1),(1000114,'2021-12-26 08:28:38','2020-07-21 23:57:02',1),(1000115,'2021-05-27 03:37:28','2021-03-04 02:58:20',0),(1000116,'2021-08-04 14:08:20','2020-03-10 15:57:46',0),(1000117,'2020-04-08 02:11:39','2020-04-27 08:40:04',0),(1000118,'2021-11-25 20:18:17','2020-11-04 22:49:52',0),(1000119,'2021-05-30 05:32:55','2020-08-09 22:06:05',1),(1000120,'2020-11-13 15:25:10','2021-01-23 13:28:08',0),(1000121,'2021-09-09 23:06:08','2020-12-25 22:58:09',0),(1000122,'2020-10-31 19:44:15','2021-01-23 13:28:08',0),(1000123,'2021-03-13 16:38:08','2020-04-04 03:06:38',0),(1000124,'2020-03-02 13:24:22','2021-01-23 13:28:08',0),(1000125,'2020-03-13 03:23:35','2021-01-23 13:28:08',0),(1000126,'2021-08-22 06:32:48','2021-11-09 21:06:31',0),(1000127,'2020-04-01 21:26:51','2020-06-17 06:53:19',0),(1000128,'2020-05-20 21:56:47','2020-08-10 02:24:29',0),(1000129,'2020-08-11 12:17:01','2021-01-23 13:28:08',0),(1000130,'2020-10-24 15:59:15','2021-01-31 17:03:42',0),(1000131,'2020-01-23 17:50:45','2021-01-23 13:28:08',0),(1000132,'2021-11-28 03:06:40','2020-09-27 09:34:34',1),(1000133,'2020-09-03 23:35:47','2020-05-19 18:50:06',0),(1000134,'2021-11-21 06:36:21','2020-05-16 22:15:20',0),(1000135,'2020-08-04 02:27:55','2021-01-23 13:28:08',0),(1000136,'2020-10-18 12:05:48','2020-09-20 13:25:49',1),(1000137,'2021-02-16 01:17:30','2020-01-27 10:54:44',0),(1000138,'2021-08-02 04:33:41','2021-01-21 19:49:55',0),(1000139,'2020-06-17 16:57:52','2021-01-23 13:28:08',0),(1000140,'2021-12-06 02:40:16','2020-07-01 05:36:54',0),(1000141,'2020-08-19 02:07:21','2020-12-13 08:48:17',0),(1000142,'2021-12-23 09:34:20','2021-03-28 04:07:42',0),(1000143,'2020-12-07 04:01:11','2020-08-16 19:46:56',1),(1000144,'2020-07-18 15:44:52','2020-04-09 22:59:39',0),(1000145,'2020-03-18 07:22:25','2021-01-23 13:28:08',0),(1000146,'2020-12-09 07:23:21','2020-09-03 10:27:39',0),(1000147,'2020-05-06 16:03:17','2020-06-17 07:29:04',0),(1000148,'2020-09-20 17:34:00','2021-01-23 13:28:08',0),(1000149,'2021-09-09 00:19:38','2020-10-22 22:58:01',1),(1000150,'2021-06-05 14:53:30','2020-07-26 13:28:42',1),(1000151,'2020-11-09 19:35:11','2021-01-23 13:28:08',0),(1000152,'2020-12-15 18:58:58','2021-11-13 14:48:14',0),(1000153,'2021-05-30 05:37:40','2021-03-08 00:05:14',0),(1000154,'2021-09-24 23:38:38','2021-05-03 17:05:25',0),(1000155,'2021-06-10 14:48:26','2021-03-26 19:36:00',0),(1000156,'2021-06-24 15:07:22','2020-08-14 17:32:28',1),(1000157,'2020-03-22 15:34:35','2020-09-30 05:45:31',0),(1000158,'2020-02-07 23:32:47','2020-04-27 11:46:07',0),(1000159,'2021-10-16 05:01:05','2020-05-29 04:10:18',0),(1000160,'2020-10-12 15:57:00','2020-10-03 19:53:05',1),(1000161,'2020-05-01 18:29:03','2021-01-23 13:28:08',0),(1000162,'2021-01-05 06:01:22','2020-05-07 09:39:29',0),(1000163,'2020-09-09 01:50:05','2020-04-24 06:45:01',1),(1000164,'2020-10-18 09:53:10','2021-11-24 06:16:41',0),(1000165,'2022-01-18 07:34:11','2021-08-05 00:53:16',1),(1000166,'2021-01-23 00:44:57','2020-10-10 05:51:51',1),(1000167,'2020-04-09 04:19:06','2021-01-23 13:28:08',0),(1000168,'2021-06-16 16:26:18','2021-01-23 13:28:08',0),(1000169,'2021-11-10 20:13:20','2020-05-24 10:23:59',1),(1000170,'2021-08-18 02:20:24','2020-05-04 08:13:54',1),(1000171,'2020-04-20 05:57:49','2021-10-29 15:36:44',0),(1000172,'2020-12-09 16:56:34','2021-03-21 08:07:37',0),(1000173,'2020-08-23 04:37:50','2020-05-08 14:25:42',1),(1000174,'2021-08-14 21:42:17','2020-08-30 14:16:25',1),(1000175,'2021-01-12 06:56:05','2020-09-08 23:22:22',1),(1000176,'2020-07-30 01:40:55','2020-06-06 19:24:39',1),(1000177,'2021-09-02 00:04:18','2020-02-22 12:04:49',0),(1000178,'2021-05-21 12:32:03','2020-09-03 10:32:20',1),(1000179,'2022-01-18 11:58:12','2021-02-22 06:56:02',0),(1000180,'2021-04-13 08:28:10','2020-11-04 01:59:52',1),(1000181,'2021-10-27 21:44:21','2020-04-29 08:34:42',1),(1000182,'2020-03-18 13:18:15','2020-05-01 04:58:50',0),(1000183,'2021-07-15 01:13:58','2020-02-08 17:07:40',0),(1000184,'2020-09-20 02:46:08','2020-03-10 04:52:41',0),(1000185,'2020-02-04 12:32:44','2020-06-21 00:54:09',0),(1000186,'2021-09-21 04:12:13','2021-05-02 21:20:42',0),(1000187,'2021-01-13 04:32:12','2021-01-23 13:28:08',0),(1000188,'2020-07-31 16:37:57','2021-01-23 13:28:08',0),(1000189,'2021-10-08 17:03:42','2020-11-10 08:11:54',0),(1000190,'2020-10-31 13:15:47','2021-01-23 13:28:08',0),(1000191,'2020-03-19 15:00:37','2021-01-23 13:28:08',0),(1000192,'2020-06-06 05:59:47','2021-01-23 13:28:08',0),(1000193,'2021-06-01 05:24:27','2021-04-28 17:29:40',0),(1000194,'2020-01-29 14:20:25','2021-01-23 13:28:08',0),(1000195,'2021-12-09 17:07:34','2021-06-01 01:19:49',0),(1000196,'2021-08-11 22:48:43','2021-01-10 08:13:41',1),(1000197,'2021-06-14 01:47:59','2021-12-25 13:02:20',0),(1000198,'2021-02-07 17:45:13','2021-01-23 13:28:08',0),(1000200,'2021-04-16 01:27:41','2021-01-23 13:28:08',0),(1000201,'2020-04-01 19:41:16','2021-01-23 13:28:08',0),(1000202,'2021-12-29 03:03:23','2021-05-31 13:17:54',1),(1000203,'2020-03-29 16:08:33','2021-01-23 13:28:08',0),(1000204,'2021-01-30 00:37:27','2021-01-23 13:28:08',0),(1000205,'2020-04-11 16:49:49','2021-01-23 13:28:08',0),(1000206,'2022-01-02 14:34:28','2020-09-29 16:45:18',0),(1000207,'2020-03-30 14:21:12','2021-01-23 13:28:08',0),(1000208,'2021-05-25 09:17:12','2020-09-19 12:06:14',0),(1000209,'2020-05-09 21:56:51','2021-12-02 10:53:17',0),(1000210,'2020-08-25 14:51:33','2021-01-23 13:28:08',0),(1000211,'2020-11-10 16:51:55','2021-01-23 13:28:08',0),(1000212,'2021-05-19 04:27:07','2020-12-27 09:04:43',0),(1000213,'2020-07-19 21:53:06','2021-01-23 13:28:08',0),(1000214,'2020-04-29 12:44:23','2021-01-23 13:28:08',0),(1000215,'2020-06-03 00:07:56','2021-05-30 16:25:06',0),(1000216,'2020-03-16 10:05:06','2020-09-16 01:20:06',0),(1000217,'2020-12-23 14:45:13','2021-01-23 13:28:08',0),(1000218,'2021-07-11 15:46:26','2021-01-13 21:45:20',0),(1000219,'2021-05-27 11:47:43','2021-12-01 15:34:56',0),(1000220,'2020-11-09 23:40:22','2020-10-03 09:07:23',1),(1000221,'2020-12-17 12:30:15','2020-01-29 02:34:47',1),(1000222,'2021-02-04 00:36:02','2021-07-12 05:02:41',0),(1000223,'2020-05-19 21:52:25','2020-12-13 14:13:53',0),(1000224,'2020-07-22 02:13:04','2021-01-23 13:28:08',0),(1000225,'2020-11-28 18:00:46','2021-04-12 03:07:23',0),(1000226,'2021-10-10 21:38:33','2020-10-27 05:38:07',0),(1000227,'2021-01-08 21:15:08','2020-12-05 07:26:42',1),(1000228,'2021-12-20 03:22:09','2021-01-25 23:23:44',0),(1000229,'2020-02-11 05:05:23','2021-05-04 20:24:14',0),(1000230,'2020-02-13 17:23:58','2021-01-23 13:28:08',0),(1000231,'2022-01-17 12:31:19','2020-11-26 06:28:13',0),(1000232,'2020-01-27 16:07:35','2021-01-23 13:28:08',0),(1000233,'2020-08-17 15:24:59','2021-06-09 05:11:38',0),(1000234,'2021-07-30 01:58:42','2020-09-29 01:44:10',0),(1000235,'2020-12-23 14:33:17','2020-01-24 02:08:30',0),(1000236,'2020-06-12 06:21:57','2021-01-23 13:28:08',0),(1000237,'2021-07-16 10:21:27','2020-06-10 10:36:58',0),(1000238,'2020-09-10 11:30:45','2020-01-28 15:42:03',0),(1000239,'2020-04-03 16:19:42','2021-03-02 17:11:54',0),(1000240,'2020-05-02 16:07:55','2021-01-23 13:28:08',0),(1000241,'2020-08-26 01:58:13','2021-01-23 13:28:08',0),(1000242,'2021-08-11 23:42:09','2020-05-10 18:06:31',1),(1000243,'2020-09-16 20:48:17','2020-09-04 18:50:51',1),(1000244,'2022-01-16 18:57:11','2021-12-11 07:07:23',0),(1000245,'2021-05-10 08:04:49','2020-07-26 14:11:36',1),(1000246,'2020-11-14 01:27:14','2020-04-03 13:25:43',1),(1000247,'2021-05-07 04:48:03','2021-02-04 05:27:41',0),(1000248,'2020-07-12 11:33:52','2020-11-27 18:12:32',0),(1000249,'2020-08-30 03:30:10','2020-07-06 23:54:56',0),(1000250,'2020-09-01 05:50:30','2020-07-08 19:02:54',0),(1000251,'2021-04-24 02:08:14','2020-12-30 02:03:58',0),(1000252,'2020-12-10 14:12:50','2020-08-03 11:50:42',1),(1000253,'2020-10-17 09:38:49','2021-12-23 08:12:49',0),(1000254,'2021-10-06 01:21:12','2021-01-23 13:28:08',0),(1000255,'2021-06-03 23:50:24','2021-09-04 21:06:07',0),(1000256,'2020-04-20 01:13:58','2021-03-01 03:24:32',0),(1000257,'2021-09-24 17:16:38','2021-06-16 08:36:09',0),(1000258,'2020-03-18 00:54:12','2021-07-24 09:43:51',0),(1000259,'2021-08-11 02:50:22','2020-09-24 19:00:16',0),(1000260,'2021-12-15 08:40:41','2020-03-04 04:47:38',0),(1000261,'2021-08-08 22:47:43','2021-01-23 13:28:08',0),(1000262,'2021-02-01 08:33:56','2021-01-23 13:28:08',0),(1000263,'2021-08-17 17:43:42','2020-02-08 04:04:56',0),(1000264,'2020-02-12 14:19:20','2021-01-23 13:28:08',0),(1000265,'2021-10-01 16:05:39','2021-01-24 02:34:36',1),(1000266,'2020-09-17 18:29:01','2020-10-15 13:11:52',0),(1000267,'2020-10-01 00:49:30','2021-01-23 13:28:08',0),(1000268,'2020-04-04 09:45:03','2021-09-08 09:15:52',0),(1000269,'2020-12-13 00:56:07','2021-12-02 02:16:29',0),(1000270,'2020-09-28 10:02:27','2021-01-23 13:28:08',0),(1000271,'2021-01-07 13:24:34','2021-07-22 04:37:03',0),(1000272,'2021-10-22 23:08:25','2021-06-23 17:31:07',0),(1000273,'2020-11-12 06:30:29','2021-01-23 13:28:08',0),(1000274,'2020-09-16 04:05:11','2020-11-25 06:59:57',0),(1000275,'2021-02-22 10:30:25','2020-04-25 07:56:53',0),(1000276,'2020-07-29 13:11:52','2021-10-05 01:22:08',0),(1000277,'2021-04-16 07:55:19','2021-01-23 13:28:08',0),(1000278,'2020-11-16 08:31:54','2020-08-25 23:44:32',1),(1000279,'2021-01-20 18:52:30','2020-07-07 11:36:23',1),(1000280,'2021-07-01 10:40:20','2020-04-12 02:28:13',1),(1000281,'2021-11-23 13:24:09','2021-03-10 02:53:37',0),(1000282,'2021-03-04 14:03:02','2020-10-04 13:03:03',0),(1000283,'2021-04-22 06:43:24','2021-05-22 08:04:44',0),(1000284,'2021-08-06 10:32:44','2020-08-28 07:24:41',1),(1000285,'2020-12-22 02:48:21','2021-01-23 13:28:08',0),(1000286,'2020-07-26 05:40:04','2021-06-23 11:29:55',0),(1000287,'2020-11-14 22:49:02','2020-01-30 22:06:35',1),(1000288,'2021-01-01 12:57:39','2021-01-23 13:28:08',0),(1000289,'2020-07-17 11:31:14','2021-09-07 11:25:42',0),(1000290,'2021-03-04 05:37:46','2020-12-31 07:59:02',0),(1000291,'2020-04-25 22:54:56','2020-01-27 21:19:18',1),(1000292,'2020-10-30 15:43:28','2021-01-23 13:28:08',0),(1000293,'2020-10-14 18:28:12','2020-03-30 05:43:39',1),(1000294,'2021-11-04 17:05:23','2021-10-09 00:52:34',1),(1000295,'2021-09-02 06:39:31','2021-04-08 00:33:34',1),(1000296,'2020-11-30 18:08:37','2020-01-30 16:36:01',0),(1000297,'2021-07-06 20:12:25','2020-02-04 00:06:00',1),(1000298,'2021-04-10 17:50:34','2020-12-16 21:02:36',1),(1000299,'2021-06-08 06:08:08','2021-10-31 07:15:18',0),(1000300,'2020-10-09 14:05:17','2020-12-06 01:52:24',0),(1000301,'2020-08-03 20:27:14','2021-11-09 21:57:02',0),(1000302,'2021-09-06 11:19:06','2021-07-04 15:43:36',1),(1000303,'2021-06-12 13:40:20','2021-08-20 14:24:42',0),(1000304,'2021-02-04 06:48:16','2020-11-13 12:50:28',0),(1000305,'2020-02-18 00:01:54','2020-07-19 16:05:15',0),(1000306,'2020-12-15 18:43:07','2022-01-17 07:41:41',0),(1000307,'2020-03-25 01:48:42','2020-02-09 14:47:06',0),(1000308,'2020-08-18 04:35:17','2021-01-23 13:28:08',0),(1000309,'2020-11-01 22:35:07','2020-02-16 04:16:35',0),(1000310,'2021-10-05 09:53:08','2021-08-04 16:41:07',1),(1000311,'2021-02-28 16:03:42','2021-05-06 06:08:57',0),(1000312,'2020-03-02 19:03:06','2021-01-23 13:28:08',0),(1000313,'2021-12-05 13:04:47','2021-01-03 19:25:48',0),(1000314,'2020-11-19 12:49:56','2020-03-28 20:32:42',1),(1000315,'2021-05-13 07:27:10','2020-05-12 16:00:11',0),(1000316,'2021-01-15 06:23:50','2020-03-12 11:32:32',1),(1000317,'2022-01-01 12:29:50','2021-10-19 06:55:26',1),(1000318,'2020-03-20 07:57:28','2022-01-19 00:32:08',0),(1000319,'2020-03-09 00:19:30','2021-01-23 13:28:08',0),(1000320,'2021-10-29 03:56:39','2021-08-24 09:45:47',0),(1000321,'2020-10-09 01:19:13','2021-01-23 13:28:08',0),(1000322,'2020-06-14 21:23:53','2020-08-14 12:42:06',0),(1000323,'2021-05-20 22:18:38','2020-04-27 08:06:37',0),(1000324,'2020-07-14 19:02:52','2020-04-22 22:11:28',0),(1000325,'2021-07-12 08:02:03','2021-08-11 02:39:20',0),(1000326,'2021-04-28 04:21:24','2021-06-21 22:40:19',0),(1000327,'2020-04-24 18:57:01','2021-07-05 23:53:11',0),(1000328,'2020-10-04 19:32:16','2020-08-19 07:38:03',0),(1000329,'2020-12-05 13:29:15','2021-01-23 13:28:08',0),(1000330,'2021-10-21 05:49:28','2020-02-15 22:16:40',1),(1000331,'2021-01-29 12:25:31','2021-03-04 07:06:08',0),(1000332,'2020-01-27 13:17:18','2020-08-11 03:15:46',0),(1000333,'2020-08-27 20:02:47','2021-11-27 03:06:08',0),(1000334,'2020-02-14 08:32:04','2021-07-24 23:14:53',0),(1000335,'2020-06-28 04:13:15','2020-02-27 11:40:28',0),(1000336,'2020-06-07 06:06:00','2020-01-25 10:36:30',0),(1000337,'2021-06-03 09:33:12','2020-11-18 14:03:03',1),(1000338,'2020-12-14 20:28:29','2021-01-23 13:28:08',0),(1000339,'2021-03-28 20:25:12','2020-08-21 15:10:45',0),(1000340,'2020-06-15 04:02:48','2020-04-17 10:35:05',1),(1000341,'2020-06-04 10:50:00','2021-01-17 06:02:37',0),(1000342,'2021-03-21 11:47:47','2021-05-29 15:23:05',0),(1000343,'2021-08-25 23:42:16','2021-11-14 11:41:21',0),(1000344,'2020-10-31 11:23:15','2020-09-25 02:53:36',0),(1000345,'2020-05-16 16:39:01','2020-06-12 10:38:35',0),(1000346,'2020-12-29 12:25:23','2021-10-25 07:36:28',0),(1000347,'2021-01-07 01:29:39','2020-10-22 11:27:32',1),(1000348,'2021-05-21 18:35:47','2021-03-05 19:10:40',0),(1000349,'2021-11-17 12:16:20','2021-05-20 01:07:35',0),(1000350,'2021-02-20 00:45:26','2021-01-23 13:28:08',0),(1000351,'2020-03-13 01:39:53','2021-02-20 11:21:37',0),(1000352,'2020-10-21 04:00:42','2021-01-23 13:28:08',0),(1000353,'2021-05-14 01:38:35','2021-01-23 13:28:08',0),(1000354,'2020-09-10 21:26:20','2020-10-12 10:44:33',0),(1000355,'2022-01-04 04:03:46','2021-05-20 07:23:52',1),(1000356,'2021-08-12 09:20:55','2021-01-23 13:28:08',0),(1000357,'2021-03-03 07:34:57','2021-01-23 13:28:08',0),(1000358,'2021-03-30 18:25:08','2021-01-23 13:28:08',0),(1000359,'2021-09-02 17:52:00','2021-11-11 14:33:10',0),(1000360,'2020-05-11 04:20:43','2021-08-16 00:48:48',0),(1000361,'2020-03-25 01:29:32','2021-02-03 12:39:23',0),(1000362,'2021-07-22 23:10:27','2020-09-09 16:07:44',1),(1000363,'2020-07-30 20:15:20','2021-01-23 13:28:08',0),(1000364,'2021-09-11 10:42:00','2021-09-04 06:34:13',1),(1000365,'2021-09-20 09:28:27','2021-01-22 09:03:05',1),(1000366,'2020-02-13 19:56:42','2021-11-07 17:01:59',0),(1000367,'2020-09-29 08:46:08','2021-01-23 13:28:08',0),(1000368,'2021-10-05 00:02:06','2020-04-11 00:01:57',0),(1000369,'2021-11-22 05:06:11','2021-05-02 17:54:34',1),(1000370,'2021-05-03 16:56:04','2021-01-23 13:28:08',0),(1000371,'2021-12-20 09:01:30','2021-03-13 03:25:12',0),(1000372,'2020-03-24 02:37:05','2021-01-23 13:28:08',0),(1000373,'2021-07-13 23:03:45','2021-01-23 13:28:08',0),(1000374,'2021-05-17 11:02:17','2021-02-24 22:46:21',0),(1000375,'2020-02-05 10:40:51','2021-01-23 13:28:08',0),(1000376,'2022-01-14 22:44:51','2021-06-23 02:12:59',1),(1000377,'2020-06-18 06:43:15','2021-01-18 21:38:16',0),(1000378,'2021-10-18 09:37:40','2021-01-21 20:04:57',1),(1000379,'2020-10-29 20:22:54','2020-05-15 15:56:57',0),(1000380,'2021-05-07 21:53:22','2020-02-03 03:52:37',1),(1000381,'2020-08-17 02:06:46','2021-01-23 13:28:08',0),(1000382,'2021-07-31 03:23:17','2020-07-22 12:11:32',0),(1000383,'2021-09-17 07:35:09','2021-04-24 08:09:41',1),(1000384,'2020-04-12 08:56:14','2020-07-18 16:56:47',0),(1000385,'2021-11-12 02:06:58','2020-03-28 20:08:44',1),(1000386,'2021-02-11 17:24:14','2021-04-08 20:04:31',0),(1000387,'2021-01-16 18:41:25','2020-02-23 10:19:18',1),(1000388,'2021-10-04 08:05:23','2020-08-25 19:27:19',1),(1000389,'2020-04-03 23:45:36','2020-02-21 08:06:01',1),(1000390,'2020-11-15 14:11:09','2021-01-23 13:28:08',0),(1000391,'2020-09-27 08:35:03','2020-02-15 21:34:51',1),(1000392,'2020-08-15 23:48:49','2021-01-23 13:28:08',0),(1000393,'2021-02-11 05:34:15','2020-08-28 11:36:55',0),(1000394,'2021-05-21 15:34:25','2020-12-24 08:55:28',0),(1000395,'2020-04-22 09:59:58','2020-03-06 11:21:40',0),(1000396,'2020-11-24 00:46:38','2020-11-01 09:52:02',0),(1000397,'2020-12-19 20:38:56','2021-03-10 16:52:34',0),(1000398,'2021-12-29 03:54:56','2020-01-30 03:20:43',0),(1000399,'2022-01-06 17:26:13','2021-03-02 03:33:27',1),(1000400,'2020-05-05 08:26:26','2020-04-25 02:30:42',1),(1000401,'2021-09-11 12:30:53','2020-09-06 12:46:53',0),(1000402,'2021-08-07 10:30:58','2021-06-06 14:11:45',1),(1000403,'2020-12-05 09:10:14','2021-01-23 13:28:08',0),(1000404,'2020-10-23 17:05:08','2021-04-28 23:40:37',0),(1000405,'2021-04-18 10:01:46','2021-01-23 13:28:08',0),(1000406,'2021-11-30 16:30:15','2021-06-15 10:29:58',1),(1000407,'2021-03-09 10:36:36','2021-11-01 09:58:09',0),(1000408,'2021-06-24 03:45:18','2020-09-21 03:19:54',0),(1000409,'2021-01-13 07:40:18','2020-03-24 13:16:33',0),(1000410,'2021-06-20 21:18:57','2020-07-12 05:42:54',1),(1000411,'2020-12-23 13:36:53','2021-01-23 13:28:08',0),(1000412,'2020-05-15 08:30:31','2021-01-23 13:28:08',0),(1000413,'2020-06-18 20:34:53','2021-01-23 13:28:08',0),(1000414,'2020-04-20 17:47:06','2020-03-07 11:44:16',0),(1000415,'2021-12-27 19:06:48','2020-08-06 20:52:40',1),(1000416,'2020-04-08 19:05:56','2020-03-01 15:23:40',1),(1000417,'2020-09-29 03:53:38','2021-01-23 13:28:08',0),(1000418,'2021-07-23 06:50:01','2021-01-23 13:28:08',0),(1000419,'2020-09-22 01:16:12','2021-01-23 13:28:08',0),(1000420,'2021-08-27 09:29:52','2021-05-15 01:54:58',0),(1000421,'2021-04-14 23:20:58','2021-02-07 12:39:07',1),(1000422,'2020-09-21 06:10:24','2020-12-29 15:20:55',0),(1000423,'2021-05-26 00:15:29','2021-05-03 21:53:18',1),(1000424,'2020-08-05 10:00:31','2021-08-09 04:50:10',0),(1000425,'2021-07-30 20:20:14','2020-09-19 05:24:22',0),(1000426,'2021-04-11 02:41:17','2020-03-27 19:36:44',0),(1000427,'2021-12-31 05:53:08','2021-05-08 17:55:03',1),(1000428,'2021-07-13 19:28:29','2021-05-11 14:32:11',1),(1000429,'2021-08-30 06:14:44','2020-08-01 10:00:41',1),(1000430,'2021-06-08 19:21:00','2021-03-28 04:56:46',1),(1000431,'2021-07-05 04:12:38','2021-06-23 11:56:05',1),(1000432,'2020-11-18 00:55:54','2021-01-23 13:28:08',0),(1000433,'2021-11-14 09:54:45','2021-07-27 18:20:48',0),(1000434,'2021-03-22 13:04:24','2020-09-08 16:21:04',1),(1000435,'2020-11-25 12:19:59','2020-05-22 13:21:28',0),(1000436,'2020-06-02 02:19:26','2020-02-09 08:09:00',1),(1000437,'2020-12-14 02:43:25','2020-11-03 05:24:18',1),(1000438,'2020-03-21 11:04:20','2021-01-23 13:28:08',0),(1000439,'2021-09-11 02:19:31','2021-04-22 22:51:44',1),(1000440,'2021-08-27 10:09:13','2021-01-23 13:28:08',0),(1000441,'2020-11-16 16:51:20','2020-03-12 13:19:09',0),(1000442,'2020-06-18 22:30:55','2021-01-23 13:28:08',0),(1000443,'2020-10-11 18:19:34','2021-09-15 02:58:22',0),(1000444,'2021-09-28 11:56:56','2021-07-20 16:23:37',1),(1000445,'2020-11-09 07:28:04','2020-08-09 21:56:01',0),(1000446,'2021-08-17 12:01:01','2021-01-23 13:28:08',0),(1000447,'2021-06-22 04:11:38','2020-01-31 13:24:49',1),(1000448,'2021-03-02 11:17:54','2021-03-13 22:22:50',0),(1000449,'2022-01-15 12:33:53','2021-10-03 05:45:24',1),(1000450,'2021-06-03 12:18:54','2020-10-30 14:51:41',1),(1000451,'2020-10-26 04:17:40','2021-01-23 13:28:08',0),(1000452,'2021-01-31 13:10:01','2021-09-07 23:24:55',0),(1000453,'2020-10-02 02:38:51','2021-07-02 20:56:32',0),(1000454,'2021-12-08 01:01:34','2020-09-24 11:13:17',0),(1000455,'2020-12-16 20:49:22','2021-02-03 10:08:14',0),(1000456,'2021-08-08 23:51:32','2020-08-25 20:11:06',1),(1000457,'2021-06-11 04:19:48','2021-01-20 21:42:31',0),(1000458,'2020-12-29 23:41:43','2021-08-12 01:44:09',0),(1000459,'2021-05-20 19:17:11','2020-02-08 11:26:41',0),(1000460,'2021-11-03 05:51:59','2020-02-03 14:07:05',0),(1000461,'2020-12-03 23:19:42','2021-05-13 04:58:11',0),(1000462,'2021-12-05 15:54:29','2020-05-17 00:50:04',0),(1000463,'2020-04-03 22:58:22','2021-01-23 13:28:08',0),(1000464,'2021-05-03 23:14:37','2020-11-23 13:06:48',0),(1000465,'2021-07-09 11:40:18','2021-01-23 13:28:08',0),(1000466,'2020-06-25 04:05:33','2021-01-23 13:28:08',0),(1000467,'2020-07-30 01:48:57','2020-11-07 22:43:10',0),(1000468,'2021-10-25 12:29:14','2020-02-22 03:19:45',1),(1000469,'2021-10-29 18:23:43','2021-01-23 13:28:08',0),(1000470,'2021-10-14 10:49:11','2020-12-07 21:32:45',0),(1000471,'2020-02-26 01:43:21','2021-01-07 20:37:53',0),(1000472,'2020-06-08 16:59:49','2021-11-05 11:50:01',0),(1000473,'2021-07-05 06:34:40','2021-05-19 00:04:31',0),(1000474,'2020-04-24 19:48:11','2021-01-23 13:28:08',0),(1000475,'2021-07-10 08:47:24','2021-12-28 02:15:30',0),(1000476,'2022-01-22 14:08:50','2021-10-03 04:41:47',0),(1000477,'2020-07-07 10:26:19','2021-01-23 13:28:08',0),(1000478,'2020-12-27 03:34:59','2021-09-05 09:31:39',0),(1000479,'2020-03-12 23:11:57','2021-01-23 13:28:08',0),(1000480,'2021-10-25 21:47:17','2021-06-17 11:15:27',0),(1000481,'2020-12-01 07:02:12','2022-01-16 18:11:42',0),(1000482,'2021-02-13 06:17:53','2020-07-28 22:05:31',1),(1000483,'2021-02-05 08:11:10','2020-06-02 05:22:28',0),(1000484,'2020-05-16 17:56:18','2020-08-18 11:57:21',0),(1000485,'2020-11-10 16:02:25','2020-10-16 04:34:58',1),(1000486,'2020-07-08 16:14:18','2020-04-05 00:57:36',0),(1000487,'2021-12-16 06:34:13','2021-06-26 08:14:45',0),(1000488,'2020-08-05 22:55:44','2021-04-08 12:16:20',0),(1000489,'2021-01-26 12:26:46','2021-06-16 11:36:32',0),(1000490,'2020-05-12 21:06:52','2021-01-23 13:28:08',0),(1000491,'2021-10-20 15:49:30','2020-03-22 07:02:17',1),(1000492,'2020-03-28 18:38:55','2021-06-25 04:11:06',0),(1000493,'2021-08-22 12:09:10','2021-04-08 04:51:06',1),(1000494,'2020-04-06 02:01:23','2021-01-21 10:31:49',0),(1000495,'2021-05-23 15:43:40','2020-04-30 16:22:35',1),(1000496,'2020-05-27 10:47:43','2021-01-23 13:28:08',0),(1000497,'2020-07-22 22:49:49','2021-01-23 13:28:08',0),(1000498,'2020-02-24 12:23:11','2021-01-23 13:28:08',0),(1000499,'2021-06-14 17:11:07','2020-11-02 10:38:41',0),(1000500,'2021-01-01 23:09:53','2021-09-15 00:39:08',0),(1000501,'2020-10-26 00:42:28','2020-07-15 21:40:48',1),(1000502,'2020-02-05 08:02:44','2020-06-20 01:02:36',0),(1000503,'2021-03-27 09:20:15','2020-06-07 09:30:48',1),(1000504,'2020-09-07 05:55:43','2021-01-23 13:28:08',0),(1000505,'2020-09-09 03:17:17','2021-10-31 12:56:59',0),(1000506,'2020-11-17 05:40:59','2020-12-19 20:51:46',0),(1000507,'2020-09-06 17:52:15','2021-06-16 17:12:45',0),(1000508,'2020-04-28 13:46:58','2021-01-23 13:28:08',0),(1000509,'2020-02-14 23:20:24','2021-01-23 13:28:08',0),(1000510,'2020-07-28 00:07:34','2021-01-23 13:28:08',0),(1000511,'2021-03-21 23:21:03','2020-07-23 21:52:59',1),(1000512,'2021-02-17 16:15:37','2021-05-11 15:54:55',0),(1000513,'2021-03-02 07:28:43','2020-03-23 22:35:43',0),(1000514,'2020-06-23 01:11:29','2021-12-13 03:25:43',0),(1000515,'2020-02-13 18:59:00','2021-01-23 13:28:08',0),(1000516,'2021-02-23 01:03:39','2021-01-23 13:28:08',0),(1000517,'2020-06-12 23:24:20','2021-01-23 13:28:08',0),(1000518,'2020-04-11 00:37:58','2021-12-04 15:50:26',0),(1000519,'2021-05-05 14:38:48','2021-02-11 18:15:01',1),(1000520,'2020-07-19 21:43:54','2020-12-19 23:28:25',0),(1000521,'2021-10-19 20:05:13','2021-04-12 23:09:09',1),(1000522,'2020-04-26 01:01:03','2021-11-27 22:10:35',0),(1000523,'2020-02-27 14:13:21','2021-01-23 13:28:08',0),(1000524,'2021-04-13 04:08:36','2020-12-07 02:50:15',0),(1000525,'2020-08-26 14:07:45','2020-01-31 12:41:00',0),(1000526,'2021-06-16 11:32:06','2021-02-21 16:28:36',1),(1000527,'2020-10-03 21:42:43','2020-07-14 02:24:39',1),(1000528,'2020-05-27 20:59:05','2021-11-24 15:15:06',0),(1000529,'2021-01-17 10:52:33','2021-09-19 03:35:59',0),(1000530,'2020-05-01 19:12:45','2021-04-25 05:40:51',0),(1000531,'2020-01-25 09:04:57','2021-01-23 13:28:08',0),(1000532,'2020-12-31 20:33:39','2020-09-24 06:26:46',0),(1000533,'2021-11-24 19:19:29','2021-07-01 04:38:17',1),(1000534,'2020-01-30 07:21:46','2020-06-13 19:59:17',0),(1000535,'2020-11-10 20:44:31','2021-04-17 09:44:53',0),(1000536,'2021-02-26 16:52:54','2020-08-30 17:03:23',1),(1000537,'2020-09-06 20:12:30','2021-07-16 14:30:35',0),(1000538,'2020-10-19 11:20:25','2020-03-30 02:05:30',0),(1000539,'2021-11-12 11:00:22','2021-01-15 03:37:07',0),(1000540,'2021-06-13 02:52:43','2020-12-15 23:50:26',1),(1000541,'2021-06-06 14:46:17','2021-01-23 13:28:08',0),(1000542,'2020-06-05 23:06:31','2021-01-23 13:28:08',0),(1000543,'2020-06-11 02:03:35','2021-01-23 13:28:08',0),(1000544,'2020-12-24 22:02:09','2021-09-18 09:39:07',0),(1000545,'2020-09-18 01:58:37','2021-01-23 13:28:08',0),(1000546,'2020-11-18 16:31:59','2021-01-23 13:28:08',0),(1000547,'2021-06-29 05:42:27','2021-01-23 13:28:08',0),(1000548,'2021-10-17 12:16:39','2020-11-23 06:03:39',1),(1000549,'2020-12-22 20:24:25','2021-01-15 08:57:17',0),(1000550,'2020-04-07 13:55:05','2021-01-23 13:28:08',0),(1000551,'2021-02-22 06:48:19','2021-01-23 13:28:08',0),(1000552,'2021-07-25 20:24:18','2020-09-20 12:24:43',0),(1000553,'2020-06-19 19:41:57','2022-01-12 19:11:56',0),(1000554,'2021-01-28 22:13:13','2021-01-18 20:25:04',1),(1000555,'2021-01-25 23:25:45','2020-02-18 12:31:11',1),(1000556,'2021-07-04 06:04:20','2020-08-28 00:48:21',0),(1000557,'2020-09-23 15:57:19','2021-01-23 13:28:08',0),(1000558,'2020-10-22 22:05:52','2020-06-23 00:19:14',1),(1000559,'2021-08-04 23:53:59','2020-03-02 09:45:14',0),(1000560,'2020-03-28 05:37:01','2021-01-23 13:28:08',0),(1000561,'2021-12-23 16:08:46','2020-08-02 04:39:23',1),(1000562,'2021-11-12 07:18:28','2020-11-30 07:37:18',0),(1000563,'2020-02-27 13:45:05','2020-01-30 12:08:32',0),(1000564,'2021-06-18 01:34:34','2021-05-21 03:19:28',1),(1000565,'2021-09-15 17:43:14','2020-12-28 01:44:01',1),(1000566,'2021-12-09 12:29:27','2020-12-25 23:40:33',1),(1000567,'2021-11-04 17:22:13','2021-06-19 09:51:46',0),(1000568,'2021-10-07 23:45:20','2021-08-04 23:46:22',0),(1000569,'2021-06-18 14:26:36','2020-06-17 12:02:31',0),(1000570,'2020-06-02 08:03:43','2021-01-23 13:28:08',0),(1000571,'2021-01-18 20:41:27','2021-01-23 13:28:08',0),(1000572,'2021-07-13 00:11:03','2021-01-23 13:28:08',0),(1000573,'2020-03-02 11:27:11','2020-12-29 02:23:13',0),(1000574,'2020-08-15 04:04:38','2020-07-15 20:38:21',0),(1000575,'2021-06-11 01:40:28','2020-04-18 22:47:37',1),(1000576,'2020-12-12 19:06:14','2021-11-07 08:49:54',0),(1000577,'2021-12-21 09:45:37','2021-02-26 19:48:42',0),(1000578,'2022-01-23 02:29:50','2020-07-10 02:24:19',1),(1000579,'2021-02-17 12:22:53','2020-07-10 22:07:48',1),(1000580,'2021-05-21 03:28:35','2020-09-02 20:56:16',0),(1000581,'2021-07-13 21:54:35','2020-10-30 01:40:10',1),(1000582,'2021-08-27 18:12:22','2020-03-19 01:41:19',0),(1000583,'2020-02-24 07:59:53','2020-12-18 15:06:31',0),(1000584,'2020-10-22 21:52:31','2021-02-11 15:46:38',0),(1000585,'2021-06-26 20:56:27','2021-01-23 13:28:08',0),(1000586,'2020-03-06 02:34:22','2021-01-23 13:28:08',0),(1000587,'2021-03-05 09:45:03','2020-09-17 20:40:07',0),(1000588,'2020-08-30 15:00:50','2022-01-19 06:51:27',0),(1000589,'2020-08-06 03:56:54','2020-04-07 15:50:46',1),(1000590,'2021-10-19 20:29:00','2021-12-15 13:07:11',0),(1000591,'2022-01-13 14:59:04','2020-10-03 04:26:49',0),(1000592,'2021-11-28 21:13:18','2021-01-12 02:18:55',1),(1000593,'2021-01-15 18:26:01','2021-09-06 02:43:30',0),(1000594,'2020-11-25 19:07:01','2021-07-25 13:50:03',0),(1000595,'2021-01-15 03:04:29','2021-10-25 19:14:17',0),(1000596,'2021-10-25 12:57:52','2021-01-30 10:33:55',1),(1000597,'2021-01-20 07:40:40','2020-07-26 12:42:41',0),(1000598,'2020-10-22 00:58:31','2020-03-11 08:10:18',0),(1000599,'2021-03-02 09:48:39','2021-01-23 13:28:08',0),(1000600,'2021-07-30 21:03:12','2020-08-02 23:46:19',1),(1000601,'2020-02-23 07:53:45','2020-06-30 09:32:34',0),(1000602,'2021-01-22 08:18:59','2021-03-15 09:49:15',0),(1000603,'2020-05-20 06:13:23','2021-09-26 12:50:18',0),(1000604,'2021-11-25 17:02:19','2021-01-23 13:28:08',0),(1000605,'2021-05-28 15:42:09','2020-08-20 04:18:02',1),(1000606,'2020-07-18 05:31:26','2020-04-13 12:50:16',1),(1000607,'2020-11-03 09:55:48','2021-01-23 13:28:08',0),(1000608,'2020-05-16 02:44:53','2021-01-23 13:28:08',0),(1000609,'2020-08-28 17:23:24','2020-03-16 22:32:30',1),(1000610,'2020-01-30 18:16:43','2020-04-12 16:17:55',0),(1000611,'2020-06-17 01:31:37','2021-01-23 13:28:08',0),(1000612,'2021-05-01 12:53:00','2021-06-28 15:10:28',0),(1000613,'2020-05-30 08:26:09','2020-10-10 15:00:19',0),(1000614,'2021-09-05 10:34:57','2021-05-02 00:13:55',0),(1000615,'2021-04-26 22:42:01','2021-01-23 13:28:08',0),(1000616,'2020-03-02 05:46:53','2021-01-23 13:28:08',0),(1000617,'2021-09-04 17:01:27','2021-05-27 10:27:19',0),(1000618,'2020-06-27 07:21:53','2021-07-18 01:57:13',0),(1000619,'2021-03-11 06:28:17','2020-11-14 08:15:23',1),(1000620,'2020-07-04 10:03:35','2021-01-23 13:28:08',0),(1000621,'2020-08-10 10:16:13','2021-01-23 13:28:08',0),(1000622,'2021-03-17 20:39:19','2021-03-21 10:59:35',0),(1000623,'2021-03-30 07:34:34','2021-05-14 13:27:57',0),(1000624,'2020-11-28 05:27:01','2020-11-15 00:49:50',1),(1000625,'2021-05-05 09:23:43','2022-01-08 16:26:54',0),(1000626,'2021-03-05 22:45:25','2020-07-26 02:16:33',0),(1000627,'2021-09-01 15:51:59','2021-04-06 01:01:48',0),(1000628,'2021-06-29 02:06:40','2020-03-28 01:10:16',0),(1000629,'2020-05-02 19:49:43','2021-01-23 13:28:08',0),(1000630,'2021-02-06 18:34:30','2020-06-18 18:48:02',1),(1000631,'2020-10-26 01:23:36','2021-06-18 04:42:42',0),(1000632,'2021-04-12 19:22:46','2020-02-07 05:38:50',1),(1000633,'2021-04-01 16:58:35','2020-10-25 17:10:31',0),(1000634,'2021-02-11 01:12:59','2020-05-04 19:40:51',0),(1000635,'2021-09-05 16:23:03','2020-03-03 20:46:34',0),(1000636,'2021-09-10 20:16:13','2020-11-19 02:42:08',0),(1000637,'2021-05-21 15:04:17','2021-04-11 06:03:40',0),(1000638,'2021-08-10 01:49:38','2021-07-05 22:33:16',0),(1000639,'2020-06-26 12:05:50','2021-05-23 09:13:00',0),(1000640,'2020-11-15 05:49:54','2021-01-23 13:28:08',0),(1000641,'2021-06-24 10:06:28','2021-02-01 18:50:41',0),(1000642,'2020-11-10 20:01:05','2020-07-29 08:16:31',0),(1000643,'2021-11-26 16:42:46','2020-03-26 11:52:04',1),(1000644,'2021-07-18 04:18:22','2021-02-01 22:00:24',1),(1000645,'2020-12-22 19:15:18','2020-10-30 21:24:28',1),(1000646,'2020-10-03 20:00:18','2020-06-26 18:45:29',0),(1000647,'2020-07-20 21:53:15','2021-01-23 13:28:08',0),(1000648,'2021-04-01 20:56:59','2021-01-23 13:28:08',0),(1000649,'2022-01-06 00:09:22','2020-06-02 04:06:10',0),(1000650,'2021-10-02 17:58:33','2020-09-06 17:42:17',0),(1000651,'2021-04-30 23:01:15','2020-05-19 22:40:26',0),(1000652,'2020-06-23 22:08:10','2021-10-10 00:56:12',0),(1000653,'2021-07-14 11:25:09','2021-04-04 03:57:14',0),(1000654,'2022-01-14 04:44:38','2021-07-27 00:31:52',0),(1000655,'2021-04-21 04:05:52','2020-12-31 15:32:24',1),(1000656,'2020-04-15 21:27:25','2021-01-23 13:28:08',0),(1000657,'2021-10-13 17:54:11','2021-12-26 11:41:35',0),(1000658,'2020-01-27 09:40:32','2021-01-23 13:28:08',0),(1000659,'2021-06-25 21:04:33','2021-01-23 13:28:08',0),(1000660,'2021-05-29 12:27:40','2021-03-02 06:54:13',1),(1000661,'2021-09-25 04:01:08','2021-01-12 21:28:25',0),(1000662,'2021-08-20 06:36:45','2021-08-27 07:50:35',0),(1000663,'2020-03-20 15:08:26','2020-01-28 03:12:33',0),(1000664,'2020-08-06 02:26:02','2020-05-17 18:22:50',0),(1000665,'2021-07-31 18:38:16','2021-05-26 23:24:07',0),(1000666,'2021-12-09 16:09:42','2020-11-25 01:06:30',0),(1000667,'2020-06-11 16:45:13','2021-10-11 08:27:30',0),(1000668,'2020-11-26 04:20:23','2021-01-23 13:28:08',0),(1000669,'2021-10-15 16:44:00','2020-06-11 22:18:15',0),(1000670,'2020-06-27 20:51:35','2021-11-28 11:35:54',0),(1000671,'2021-10-08 08:53:37','2021-09-15 06:04:08',1),(1000672,'2020-05-02 14:59:51','2021-08-11 01:55:36',0),(1000673,'2021-07-18 12:35:56','2021-01-10 01:33:01',0),(1000674,'2020-12-19 02:08:06','2021-01-23 13:28:08',0),(1000675,'2021-08-05 10:33:24','2021-06-09 15:16:56',1),(1000676,'2022-01-11 04:17:54','2020-07-04 08:38:38',0),(1000677,'2020-11-02 11:06:13','2020-05-03 18:16:54',0),(1000678,'2020-05-04 05:46:58','2021-10-01 01:47:48',0),(1000679,'2020-02-01 23:30:41','2020-08-24 12:13:59',0),(1000680,'2022-01-14 20:39:42','2021-03-07 18:41:25',0),(1000681,'2020-02-07 13:05:58','2021-01-23 13:28:08',0),(1000682,'2020-05-22 13:34:48','2021-10-24 18:16:28',0),(1000683,'2021-09-13 06:09:34','2020-08-10 20:11:16',1),(1000684,'2020-06-14 07:15:33','2020-04-28 09:55:52',0),(1000685,'2021-01-19 10:21:59','2021-01-21 13:09:55',0),(1000686,'2021-11-11 19:10:46','2020-02-23 16:06:06',0),(1000687,'2021-05-05 23:17:16','2020-06-22 07:17:17',1),(1000688,'2022-01-19 00:04:51','2021-04-21 17:33:02',0),(1000689,'2021-12-02 19:42:44','2020-10-17 21:00:54',0),(1000690,'2021-08-19 19:01:54','2020-05-25 14:30:06',1),(1000691,'2021-08-29 19:32:24','2020-12-03 20:53:30',1),(1000692,'2020-05-14 11:39:24','2020-12-31 18:43:55',0),(1000693,'2021-09-07 10:37:14','2021-08-04 06:09:50',0),(1000694,'2021-09-08 04:00:43','2021-01-20 00:01:41',1),(1000695,'2021-07-31 09:18:24','2020-05-20 21:03:47',1),(1000696,'2021-05-02 12:08:26','2020-08-02 10:53:15',0),(1000697,'2020-03-13 00:54:05','2021-01-23 13:28:08',0),(1000698,'2021-06-18 21:37:08','2021-01-23 13:28:08',0),(1000699,'2020-08-20 12:55:45','2021-01-23 13:28:08',0),(1000700,'2021-03-20 14:33:36','2020-11-17 23:35:41',1),(1000701,'2021-02-02 21:55:43','2021-02-02 21:55:43',0),(1000702,'2021-02-02 21:56:32','2021-02-02 21:56:32',0),(1000703,'2021-02-02 21:57:29','2021-02-02 21:57:29',0),(1000704,'2021-02-02 21:57:48','2021-02-02 21:57:48',0);
/*!40000 ALTER TABLE `entity_table` ENABLE KEYS */;
UNLOCK TABLES;


--
-- Dumping data for table `invoices`
--

LOCK TABLES `invoices` WRITE;
/*!40000 ALTER TABLE `invoices` DISABLE KEYS */;
INSERT INTO `invoices` VALUES (70000,1000016,'B1T 0Q9 52YZ92/6',10.2157,1000347,0),(70001,1000395,'O5X 6M3 53OP72/3',9.91728,1000521,0),(70002,1000528,'O4P 2K7 47YT31/3',9.94309,1000606,0),(70003,1000241,'M3E 4R7 90QN78/2',10.0297,1000369,1),(70004,1000233,'H8W 8N6 54EX04/3',10.1522,1000645,1),(70005,1000607,'C3E 6W9 43ZJ58/5',9.8014,1000260,0),(70006,1000159,'Z4D 7G0 57DW81/1',9.7882,1000212,0),(70007,1000359,'T3E 1D8 27TI20/7',10.492,1000369,0),(70008,1000528,'X4Y 8A8 43HU31/4',10.0824,1000606,0),(70009,1000227,'Y8V 7R4 02DK99/0',10.1538,1000391,1),(70010,1000576,'F9F 5O3 97CH76/0',9.48312,1000311,1),(70011,1000027,'O6U 7T7 17EF30/6',9.67392,1000425,0),(70012,1000516,'W8T 7S9 20BL37/8',10.1837,1000188,0),(70013,1000251,'F9E 0O3 94PG77/6',10.1616,1000196,1),(70014,1000540,'W5K 5A2 39RP29/7',9.72889,1000588,0),(70015,1000065,'V2L 7C6 70EM32/4',9.66135,1000449,1),(70016,1000171,'F9E 0O9 22MX63/0',9.80576,1000618,0),(70017,1000540,'U7I 9G7 32EL94/6',9.87213,1000635,0),(70018,1000027,'J0U 5J9 11MA42/9',10.313,1000232,0),(70019,1000689,'Q8O 3E7 04GF25/7',10.3915,1000270,1),(70020,1000668,'C2V 4O7 61AI57/6',10.3867,1000624,1),(70021,1000567,'A4E 2C6 82JE68/5',10.1632,1000449,0),(70022,1000330,'H2Y 3A8 91SO32/7',10.2699,1000391,0),(70023,1000241,'M9R 5M9 01AS46/4',9.56878,1000361,1),(70024,1000096,'R7C 8E5 44YE78/3',9.83894,1000132,1),(70025,1000201,'W7A 6P4 14EQ25/4',9.68577,1000597,0),(70026,1000434,'I2F 0T0 96LD70/5',10.0161,1000588,0),(70027,1000418,'L6R 1F6 60UI35/2',10.0507,1000692,1),(70028,1000607,'F1M 8I7 97QR74/0',9.41564,1000212,1),(70029,1000016,'J2E 4H5 26JO24/8',9.80636,1000524,1),(70030,1000286,'H1B 5W6 28KS14/2',10.2379,1000560,1),(70031,1000516,'Z5B 3P0 11NE71/1',9.63478,1000078,1),(70032,1000225,'H7X 3Q1 09DA25/7',10.0149,1000584,0),(70033,1000146,'Z3S 4T6 31YW80/7',10.0808,1000561,0),(70034,1000318,'O8W 4D5 28HS58/1',9.98328,1000078,0),(70035,1000002,'R3T 4E9 61CQ61/7',10.2564,1000121,1),(70036,1000564,'E2O 6E9 59VJ79/4',9.84978,1000121,1),(70037,1000436,'F9J 6B2 33MI34/6',9.97627,1000196,0),(70038,1000393,'S8A 0Y8 84GW45/2',10.033,1000121,0),(70039,1000201,'Q0H 1F0 10VG67/5',10.1502,1000277,0),(70040,1000223,'Z0D 3F2 47MQ23/4',10.1333,1000551,0),(70041,1000111,'H0P 1K4 76YR71/3',10.1834,1000451,0),(70042,1000616,'L3O 2R2 36FZ48/9',10.5167,1000681,1),(70043,1000539,'J9Q 8B4 97LN71/4',10.3025,1000249,1),(70044,1000138,'X6K 3Y0 47NT30/2',10.3355,1000023,1),(70045,1000286,'Z5L 0T1 70MJ58/5',9.99258,1000305,1),(70046,1000651,'Y7U 2U1 79IQ78/5',10.1902,1000661,0),(70047,1000238,'T5H 9C4 31QS96/4',9.9615,1000034,1),(70048,1000115,'L7V 1H3 25XN99/3',10.0353,1000599,0),(70049,1000310,'X1H 1H9 24PP84/1',9.72291,1000305,1),(70050,1000539,'L8O 6A7 29ND29/3',10.1553,1000445,0),(70051,1000387,'X0S 3P1 47OU93/3',10.2151,1000082,1),(70052,1000171,'Q8S 8G2 81MS18/0',10.305,1000451,1),(70053,1000264,'W7W 8Y8 99EX82/5',9.86952,1000551,1),(70054,1000468,'M2L 4B0 86VJ29/2',10.4933,1000606,0),(70055,1000104,'F7S 4O4 22FY74/4',9.7094,1000260,1),(70056,1000056,'M8U 9V4 82ME19/1',9.34595,1000232,1),(70057,1000468,'B2M 2M6 82ZN81/4',10.3339,1000301,0),(70058,1000118,'Q2V 0N8 33JW62/1',10.3306,1000196,1),(70059,1000225,'Q0S 0Z5 84TG95/3',10.2021,1000445,1),(70060,1000210,'R6R 6R2 24JH48/2',9.96984,1000448,0),(70061,1000274,'Q0Y 4Y8 05PA52/7',9.6523,1000347,1),(70062,1000274,'I8W 8E0 38XG77/9',10.3831,1000635,1),(70063,1000138,'Y0Q 5R8 44ZN77/3',9.91724,1000011,0),(70064,1000436,'X1E 9B5 59OZ54/7',9.48596,1000684,0),(70065,1000359,'D0Z 6B5 69IN33/9',9.91068,1000301,1),(70066,1000611,'L8L 8G7 38XY40/1',10.2349,1000311,0),(70067,1000553,'A6A 3D3 65JR72/8',9.85694,1000573,1),(70068,1000576,'B3A 6D2 67NV03/1',9.82581,1000606,0),(70069,1000631,'T9C 0Z9 03ON56/0',10.1914,1000151,0),(70070,1000670,'H2L 6X8 57QH24/8',9.44666,1000448,0),(70071,1000539,'C7X 5C1 25HK94/8',9.94318,1000489,1),(70072,1000330,'V6B 8P3 52GW41/7',9.95828,1000311,0),(70073,1000434,'Y3M 6W3 40RL99/0',10.199,1000584,1),(70074,1000056,'L8Z 0R6 52FW47/3',10.1146,1000025,1),(70075,1000154,'X3P 7L2 76FP20/3',10.2215,1000106,1),(70076,1000241,'S5O 6K5 87QY45/3',10.4738,1000604,1),(70077,1000268,'D9L 7L0 63GV19/0',10.562,1000194,0),(70078,1000081,'T0K 6Z1 88DV83/3',10.1373,1000260,1),(70079,1000436,'H9I 5M2 92DB14/8',10.1744,1000063,0),(70080,1000567,'M5H 5E5 55RE61/2',9.64685,1000445,0),(70081,1000238,'Z2Z 6L1 26PT95/6',10.2877,1000473,1),(70082,1000689,'J0W 3O9 12QY80/3',9.96507,1000600,0),(70083,1000689,'U3W 0T1 02XZ47/3',9.89952,1000635,1),(70084,1000422,'V0V 4H7 78NY44/5',9.74431,1000270,1),(70085,1000007,'I9K 9Q9 83IP01/1',10.504,1000034,0),(70086,1000115,'V2M 8N6 89ZP19/9',9.8291,1000491,0),(70087,1000668,'N7Y 0M8 45CO87/0',10.1007,1000473,1),(70088,1000602,'B3H 4S1 25YM37/5',9.71084,1000604,0),(70089,1000222,'O5B 8E5 34QS87/3',9.969,1000445,0),(70090,1000104,'U5H 1P4 12FW32/8',10.1417,1000606,0),(70091,1000503,'T5F 0E1 08GT64/5',9.92473,1000681,1),(70092,1000359,'Q8H 4F7 98OX78/1',10.14,1000573,0),(70093,1000418,'D7A 4D9 69TN79/1',10.5047,1000067,0),(70094,1000227,'E9X 8X0 47RP03/1',10.0166,1000681,1),(70095,1000422,'L6V 6A5 81GZ73/7',9.56128,1000681,1),(70096,1000674,'P4E 0O2 36ER70/8',10.0856,1000560,0),(70097,1000400,'S5K 1J9 01ER37/7',9.48154,1000269,0),(70098,1000633,'R0X 2V1 49TQ96/9',9.78339,1000599,0),(70099,1000434,'I9E 6V9 69QR40/8',10.3767,1000445,0);
/*!40000 ALTER TABLE `invoices` ENABLE KEYS */;
UNLOCK TABLES;


--
-- Dumping data for table `log`
--

LOCK TABLES `log` WRITE;
/*!40000 ALTER TABLE `log` DISABLE KEYS */;
/*!40000 ALTER TABLE `log` ENABLE KEYS */;
UNLOCK TABLES;


--
-- Dumping data for table `order_status`
--

LOCK TABLES `order_status` WRITE;
/*!40000 ALTER TABLE `order_status` DISABLE KEYS */;
INSERT INTO `order_status` VALUES (20001,'Open',1),(20002,'Waiting for delivery',1),(20003,'shipped',1),(20004,'arrived to exchange center',1),(20005,'arrived to destination point',1),(20006,'completed',1),(20007,'closed',1),(20008,'cancelled',1);
/*!40000 ALTER TABLE `order_status` ENABLE KEYS */;
UNLOCK TABLES;


--
-- Dumping data for table `payment_info`
--

LOCK TABLES `payment_info` WRITE;
/*!40000 ALTER TABLE `payment_info` DISABLE KEYS */;
INSERT INTO `payment_info` VALUES (40000,1000357,'ac metus vitae','16360620 4349','RKY85YIS1MD','H8I 2R5','Nazilli'),(40001,1000394,'dui. Suspendisse ac','16091214 2098','KJS73MEX6FX','L0H 5T3','Diepenbeek'),(40002,1000574,'purus. Duis elementum,','16110728 8720','FYU10JLW0BL','T3E 4L2','Lobbes'),(40003,1000546,'leo. Cras vehicula','16311219 6096','HIQ36WLB2NE','G0V 7V1','Losino-Petrovsky'),(40004,1000190,'sed, sapien. Nunc','16800809 5948','CCZ46XFQ9NM','H7E 6I0','Sirsa'),(40005,1000339,'ut erat. Sed','16750625 6374','WMK68UWM6EO','V3V 3W8','Drumheller'),(40006,1000282,'egestas. Duis ac','16360523 9858','GQN00QLH7MC','F7L 7X9','Vieuxville'),(40007,1000696,'pulvinar arcu et','16781204 7848','JEF84LYY6YZ','S6G 5S9','Białystok'),(40008,1000672,'ut mi. Duis','16361220 1578','BNU16PUY3IU','V4W 3J7','Rio Marina'),(40009,1000272,'amet lorem semper','16121224 1515','UWB20IGJ0SH','B7X 2H8','Porpetto'),(40010,1000443,'sem mollis dui,','16990923 7498','WVF25LZI4OB','N0C 8Q6','Penzance'),(40011,1000036,'luctus et ultrices','16970429 0288','TJI22WCP3YW','O8N 2P3','Katowice'),(40012,1000073,'sem semper erat,','16390126 0145','ETJ04PHO3YS','P5U 0T0','La Serena'),(40013,1000637,'habitant morbi tristique','16541117 5895','EAZ83NSM5RV','Y4X 0C8','Ripacandida'),(40014,1000046,'volutpat. Nulla facilisis.','16050211 5058','KTK67YRJ8MR','P0X 9C3','Nieuwenrode'),(40015,1000621,'Phasellus elit pede,','16330720 6171','EGK60GXU8QA','X6L 8Q0','Roccasicura'),(40016,1000585,'imperdiet, erat nonummy','16551003 4571','TDU74ZJW7NT','N1L 7Y5','Saint-Malo'),(40017,1000432,'elit fermentum risus,','16641117 3849','RIC59HQC7AB','J5V 0H6','Nanaimo'),(40018,1000694,'et, euismod et,','16660920 8241','JJY87FLB5NI','Y1X 6F1','Yamuna Nagar'),(40019,1000392,'dictum placerat, augue.','16451109 2670','VKR87UGR4IA','H0N 6F0','Lauder'),(40020,1000650,'egestas blandit. Nam','16000106 3866','MQP07HCL5NR','G7H 1C7','Rhyl'),(40021,1000014,'Cum sociis natoque','16870203 9168','LSH96NBH2HE','O4A 8M5','Filey'),(40022,1000596,'ante blandit viverra.','16610208 6763','GXK63PTX1KW','S3F 9B5','Grand-RosiŽre-Hottomont'),(40023,1000548,'scelerisque neque sed','16000311 8841','QQE47NIG0OO','T4I 3Q5','Troyes'),(40024,1000152,'eleifend, nunc risus','16030525 8253','XFT47WVZ0KE','C8B 7X7','Athus'),(40025,1000060,'orci tincidunt adipiscing.','16010330 4952','TCY39WLN6XG','I8W 2S9','Aprelevka'),(40026,1000283,'nec orci. Donec','16160608 6930','ZJR44FYD0FU','X6S 0W2','Pekanbaru'),(40027,1000373,'consectetuer rhoncus. Nullam','16910720 6238','PAN86LNK3JD','P7T 7C7','Glauchau'),(40028,1000481,'nec urna et','16381218 3352','FWW72EQM5LZ','Q2N 3X8','Puerto Colombia'),(40029,1000657,'Aliquam erat volutpat.','16500109 2278','ZWO20LSP5KM','W4V 8Y6','Fairbanks'),(40030,1000581,'Donec egestas. Duis','16790824 5231','FBQ52XVJ7AH','N8D 8D9','Gießen'),(40031,1000317,'arcu. Aliquam ultrices','16460126 1789','GXQ95XAI3FV','T3L 2S2','Chepén'),(40032,1000401,'venenatis vel, faucibus','16651024 0234','ZBS40UUK1DP','J5R 8K0','Legal'),(40033,1000622,'Nullam feugiat placerat','16050520 0261','AUG64XXL5JV','H0F 8F1','Caruaru'),(40034,1000693,'eu arcu. Morbi','16450328 0333','MFR50LIL8IV','H5O 7I1','Perinaldo'),(40035,1000461,'venenatis vel, faucibus','16190928 4117','NZK06WQS1AK','K6R 5L3','Phoenix'),(40036,1000412,'Sed malesuada augue','16000720 4456','AYR88HKL5NC','K0I 5V0','East Gwillimbury'),(40037,1000371,'a sollicitudin orci','16890905 1339','PHX84UVG8YR','R5W 0S9','Pretoro'),(40038,1000581,'tincidunt orci quis','16630715 5017','YTH75CZH6BH','R6S 4W3','Zutphen'),(40039,1000038,'hendrerit. Donec porttitor','16810513 9359','YCU27MQH6OW','Z9F 0X6','Deutschkreutz'),(40040,1000428,'dignissim tempor arcu.','16950401 9960','FUS64CCN7HO','H4R 8J2','Couture-Saint-Germain'),(40041,1000345,'lectus. Cum sociis','16281027 2795','XXS09HNZ7WW','C6Y 1S9','San Lorenzo'),(40042,1000432,'Cras vehicula aliquet','16530314 6418','VQB77NES9PD','V9I 1V0','Retiro'),(40043,1000292,'turpis nec mauris','16380914 0290','YJM02SOK5KA','K8P 0R3','Altach'),(40044,1000450,'a mi fringilla','16331211 2745','JNM48ATR8FS','K7T 8S6','Castelluccio Superiore'),(40045,1000059,'ut, molestie in,','16720425 5439','XCT00KED7IC','Q5A 2C8','Ranchi'),(40046,1000575,'metus facilisis lorem','16171128 1624','VOY81VYA4DQ','X3O 3E7','Ingelheim'),(40047,1000575,'dapibus gravida. Aliquam','16450208 2060','EQQ77CKL1OE','S6N 3Y6','Pontboset'),(40048,1000272,'vitae, posuere at,','16790621 2225','OGO39FQM3UM','B8R 4R8','Talca'),(40049,1000442,'sem. Pellentesque ut','16651116 8699','AVG52IJS1ZE','B1T 2E2','Termini Imerese'),(40050,1000294,'porttitor vulputate, posuere','16940313 0173','LPD98IHX3CQ','I7B 7G1','Whitewater Region Township'),(40051,1000105,'purus gravida sagittis.','16390417 1299','FNK02FLM2QT','U8E 4B3','Balashikha'),(40052,1000615,'scelerisque sed, sapien.','16110129 5598','RNY39ESJ6AE','J8G 0C5','Natales'),(40053,1000688,'nec ante. Maecenas','16260217 3862','CEI30HTS6MG','E5P 1E7','Chilliwack'),(40054,1000244,'Donec egestas. Duis','16650102 3359','CAO13GDL8JZ','F7V 6S0','Pelarco'),(40055,1000669,'ligula. Aenean gravida','16670214 6157','YTL10WUN0IS','L0S 8M3','Coaldale'),(40056,1000625,'quis urna. Nunc','16490915 6632','KGY35YIN7ZB','Y9F 3F1','Bridgnorth'),(40057,1000006,'id sapien. Cras','16551009 1647','CIP84ZDN9HX','K7K 9X6','Sant\'Ilario dello Ionio'),(40058,1000075,'sit amet lorem','16180917 9904','MLH32JNR2UR','D7H 3J7','Baricella'),(40059,1000040,'nibh vulputate mauris','16890402 2210','ERW59JHT6HM','E8R 9R0','Guirsch'),(40060,1000679,'vel, faucibus id,','16740121 3686','RZX14RRZ7GG','R2P 7L4','Wellington'),(40061,1000094,'pellentesque, tellus sem','16130921 5497','ZHR97JRC1GX','G8B 5D0','Skövde'),(40062,1000610,'odio. Nam interdum','16490425 2899','YET81PGJ0DP','Y9A 8I7','San Pedro'),(40063,1000317,'non, lacinia at,','16910623 1567','AVJ56OIA6CG','K7S 6B2','Vrasene'),(40064,1000228,'diam at pretium','16170305 2678','SCG45AJR9UN','H8J 3K5','Conchalí'),(40065,1000399,'aliquet magna a','16301112 2912','FGE84PHF5SA','N2X 0N8','Peshawar'),(40066,1000107,'commodo hendrerit. Donec','16120719 6823','ITB26SBJ4SK','M4T 7C6','Buzet'),(40067,1000617,'inceptos hymenaeos. Mauris','16480823 8523','LLU67EIL9WV','T0B 8P9','Lugnano in Teverina'),(40068,1000642,'Proin sed turpis','16340521 5504','JMD84APX0YF','V1G 3V8','Tiel'),(40069,1000592,'Nunc lectus pede,','16570605 7147','YER66HVV7NT','W7Y 3V6','Surabaya'),(40070,1000294,'dui. Cum sociis','16150620 7925','HMN54UTX1EC','I6F 5N7','Neustrelitz'),(40071,1000410,'tristique neque venenatis','16770530 5444','FYZ79UEH7QG','L9U 5W3','Ospedaletto d\'Alpinolo'),(40072,1000443,'luctus aliquet odio.','16280521 2087','YVB55CFL2OW','O0K 4X9','Appels'),(40073,1000231,'neque. Nullam ut','16220315 9260','XXL66HWH0ZI','Q0H 3Y7','Gunungsitoli'),(40074,1000637,'Donec nibh enim,','16550930 9265','FZJ70XNB1OB','Q8F 4M5','Treglio'),(40075,1000060,'lacinia at, iaculis','16880128 1612','HWX66DAX8VM','X3A 5R4','Valéncia'),(40076,1000644,'Pellentesque habitant morbi','16990123 4170','JBS22IQR1EV','T6R 1B2','Kent'),(40077,1000183,'sollicitudin orci sem','16821021 8452','XPZ16UFU4TH','S7U 2S0','Quilpué'),(40078,1000691,'pellentesque eget, dictum','16330517 0247','UVK75GMR1NI','V5P 4X7','Sainte-Marie-Chevigny'),(40079,1000413,'Aenean sed pede','16870621 7828','ICN09AGD6KQ','D9N 2M0','Cottbus'),(40080,1000272,'nulla. Integer urna.','16491028 9661','YSP30MYU6LW','U3P 1H3','Bognor Regis'),(40081,1000271,'Nunc commodo auctor','16950627 1890','EMG89DQL0EB','L8X 8H7','Asse'),(40082,1000587,'dapibus id, blandit','16950811 4569','CGP89VTD9ZP','C9Q 0G6','North Berwick'),(40083,1000086,'id ante dictum','16811128 8034','VZF76UUQ8YU','A5N 4V0','Pitrufquén'),(40084,1000216,'arcu. Vestibulum ante','16610727 5379','JHJ82PGG1MR','P6E 0M8','Hamilton'),(40085,1000625,'luctus, ipsum leo','16980916 8637','ACX85HPY4GX','H0S 3S7','Cuglieri'),(40086,1000377,'et, lacinia vitae,','16550110 3096','MDP12EIV5CF','D6S 7A8','Lerwick'),(40087,1000439,'nulla. In tincidunt','16480325 4715','JCT40YFW5DZ','U1Z 1O5','Overrepen'),(40088,1000101,'faucibus lectus, a','16240130 1649','NEH61YQE0XI','L3P 7B9','Vezirköprü'),(40089,1000076,'eget, ipsum. Donec','16281228 7403','DMH45JLE6YR','E6V 0Q8','Torreón'),(40090,1000385,'pretium neque. Morbi','16891226 3939','YTG17JKA5RS','H2G 2X5','Mosquera'),(40091,1000266,'malesuada vel, venenatis','16980726 6144','BGL38CDJ7WX','E2I 2L8','Alken'),(40092,1000693,'facilisi. Sed neque.','16960428 4803','PWA04LBL2FG','K9Q 7X9','Port Coquitlam'),(40093,1000156,'tempus mauris erat','16530611 5667','SWS90BIY9SU','I0G 4K2','Castri di Lecce'),(40094,1000646,'ipsum. Phasellus vitae','16670701 5688','AJV74ZUT0IJ','L5T 2H2','Waiblingen'),(40095,1000221,'eleifend non, dapibus','16821118 0503','PTD69YVL0NI','J8S 7B2','Beausejour'),(40096,1000349,'Proin velit. Sed','16050713 0227','QVF00KLK6TZ','F9Q 7G3','Palayankottai'),(40097,1000263,'amet metus. Aliquam','16050316 2547','PWY18UEX6DV','N7H 1W2','Watson Lake'),(40098,1000064,'gravida molestie arcu.','16881023 8504','UZB66OQY4LE','L3W 4J7','Tanjung Pinang'),(40099,1000304,'porttitor eros nec','16241212 4162','AGE53PNG4SC','Q5X 7H3','Glasgow');
/*!40000 ALTER TABLE `payment_info` ENABLE KEYS */;
UNLOCK TABLES;

--
-- Dumping data for table `phone`
--

LOCK TABLES `phone` WRITE;
/*!40000 ALTER TABLE `phone` DISABLE KEYS */;
INSERT INTO `phone` VALUES (1000093,'(286) 287-2865','ac facilisis'),(1000513,'(955) 535-6423','malesuada fringilla est. Mauris eu turpis.'),(1000093,'(910) 415-8415','arcu eu odio tristique pharetra.'),(1000495,'(266) 811-4563','est. Mauris'),(1000527,'(944) 609-2103','dapibus ligula.'),(1000518,'(104) 809-4233','amet, consectetuer adipiscing elit. Aliquam auctor,'),(1000552,'(130) 723-2216','Aenean eget magna. Suspendisse'),(1000427,'(992) 235-9975','nunc risus varius orci, in'),(1000239,'(960) 685-5747','molestie pharetra nibh. Aliquam ornare, libero'),(1000350,'(754) 103-5172','ut lacus. Nulla'),(1000482,'(265) 193-8249','Donec est. Nunc ullamcorper, velit in'),(1000583,'(697) 165-6535','tincidunt, nunc'),(1000492,'(312) 209-6539','quam quis diam.'),(1000189,'(837) 383-8018','et magnis dis parturient montes,'),(1000676,'(439) 299-1097','Sed diam lorem, auctor quis, tristique'),(1000125,'(725) 123-6492','ac facilisis'),(1000383,'(840) 472-7328','auctor non,'),(1000388,'(275) 109-4401','eget ipsum.'),(1000509,'(640) 197-9078','mollis. Integer tincidunt aliquam'),(1000523,'(689) 975-5714','a purus. Duis elementum, dui'),(1000638,'(398) 723-2206','sit amet, consectetuer'),(1000248,'(680) 148-9906','lectus, a sollicitudin'),(1000578,'(341) 265-5075','Nullam lobortis quam'),(1000612,'(687) 492-7152','nec tempus mauris erat'),(1000017,'(317) 373-5909','at, libero. Morbi'),(1000041,'(901) 352-7718','Cras lorem lorem, luctus'),(1000164,'(607) 250-7437','eu odio tristique'),(1000308,'(473) 720-8927','et malesuada fames ac turpis'),(1000652,'(731) 699-0670','egestas. Fusce aliquet magna a neque.'),(1000547,'(670) 769-2571','quis diam luctus lobortis. Class aptent'),(1000300,'(495) 509-5740','egestas ligula. Nullam feugiat placerat'),(1000093,'(693) 189-2849','Nunc ullamcorper,'),(1000447,'(682) 832-7714','arcu. Sed et libero.'),(1000344,'(701) 433-6953','Cum sociis natoque penatibus et magnis'),(1000000,'(377) 356-8405','et, euismod et, commodo at,'),(1000639,'(205) 230-3835','ipsum ac mi eleifend egestas.'),(1000029,'(279) 635-6869','velit justo'),(1000519,'(965) 524-1106','Aenean eget metus.'),(1000276,'(530) 693-0349','vel pede blandit'),(1000215,'(897) 335-8119','dictum. Proin eget odio. Aliquam vulputate'),(1000582,'(373) 750-0222','ac ipsum.'),(1000507,'(963) 687-5334','commodo auctor velit. Aliquam nisl. Nulla'),(1000141,'(809) 731-5229','arcu eu odio tristique'),(1000519,'(441) 258-1087','Praesent eu nulla'),(1000458,'(416) 219-7269','Ut tincidunt orci quis lectus.'),(1000337,'(273) 826-2024','in, dolor. Fusce feugiat.'),(1000500,'(913) 624-1129','vel, faucibus id, libero. Donec consectetuer'),(1000671,'(168) 869-3825','elementum, lorem ut aliquam iaculis, lacus'),(1000044,'(139) 230-1776','ultricies sem magna nec'),(1000157,'(584) 345-6199','volutpat. Nulla facilisis. Suspendisse'),(1000598,'(686) 230-2694','dolor egestas rhoncus.'),(1000149,'(507) 825-6385','a, arcu.'),(1000001,'(324) 725-5050','enim. Etiam'),(1000530,'(937) 942-3060','convallis erat, eget tincidunt dui'),(1000326,'(709) 444-9014','aliquam eu, accumsan sed,'),(1000407,'(997) 844-5733','a feugiat tellus lorem'),(1000254,'(945) 256-2142','pharetra. Nam ac'),(1000464,'(944) 823-6686','fringilla, porttitor vulputate, posuere vulputate,'),(1000100,'(493) 757-4056','Mauris vel turpis.'),(1000003,'(345) 461-1343','Sed congue, elit sed'),(1000068,'(393) 756-7519','arcu. Curabitur ut odio'),(1000517,'(558) 471-9705','Vivamus nisi. Mauris nulla. Integer urna.'),(1000608,'(897) 308-9140','feugiat. Lorem ipsum'),(1000545,'(830) 983-6756','eget magna. Suspendisse tristique neque'),(1000186,'(609) 634-8629','nisl. Maecenas malesuada fringilla'),(1000356,'(165) 709-2155','natoque penatibus et magnis'),(1000368,'(149) 788-2354','blandit mattis.'),(1000695,'(356) 440-6439','ornare sagittis'),(1000316,'(135) 112-2197','Nam ac nulla. In tincidunt'),(1000541,'(120) 204-6092','ipsum leo'),(1000404,'(170) 975-8095','metus. Vivamus'),(1000463,'(210) 320-2333','scelerisque dui. Suspendisse'),(1000245,'(766) 139-5413','est. Nunc laoreet lectus'),(1000079,'(471) 573-7609','mi. Aliquam gravida mauris ut mi.'),(1000677,'(614) 153-4286','In scelerisque'),(1000125,'(902) 575-6587','Phasellus at augue id'),(1000469,'(327) 344-7081','auctor, nunc nulla vulputate dui, nec'),(1000197,'(835) 455-6733','ipsum primis in faucibus'),(1000562,'(293) 843-3997','hendrerit consectetuer, cursus'),(1000206,'(849) 789-4039','Curabitur vel lectus. Cum sociis'),(1000288,'(329) 723-7756','sed libero. Proin sed turpis nec'),(1000215,'(430) 643-1067','Aliquam vulputate ullamcorper'),(1000496,'(902) 603-4723','enim. Etiam imperdiet dictum'),(1000476,'(200) 216-3267','dolor. Fusce mi'),(1000018,'(353) 927-7920','amet, consectetuer adipiscing elit. Curabitur'),(1000362,'(878) 924-2584','erat eget'),(1000239,'(764) 400-6599','eleifend, nunc'),(1000367,'(728) 491-0353','tristique aliquet. Phasellus fermentum convallis'),(1000123,'(639) 120-0485','Duis dignissim'),(1000245,'(386) 200-3635','ac urna. Ut tincidunt vehicula risus.'),(1000533,'(227) 259-3341','orci, adipiscing non,'),(1000571,'(759) 306-6746','diam. Sed diam lorem,'),(1000659,'(898) 350-2389','sollicitudin orci sem eget'),(1000340,'(547) 694-4222','dapibus gravida.'),(1000312,'(917) 481-7028','enim non'),(1000437,'(928) 973-4109','Vivamus euismod urna. Nullam'),(1000215,'(853) 248-7550','tortor at risus. Nunc'),(1000522,'(184) 195-3168','vulputate, posuere'),(1000184,'(430) 130-8760','sapien, cursus in, hendrerit'),(1000009,'(303) 876-4394','ut lacus.');
/*!40000 ALTER TABLE `phone` ENABLE KEYS */;
UNLOCK TABLES;

--
-- Dumping data for table `x_delivering_invoice`
--

LOCK TABLES `x_delivering_invoice` WRITE;
/*!40000 ALTER TABLE `x_delivering_invoice` DISABLE KEYS */;
INSERT INTO `x_delivering_invoice` VALUES (1,1000327,1000607,1000260),(2,1000381,1000564,1000121),(3,1000435,1000516,1000188),(4,1000374,1000503,1000681),(5,NULL,1000223,1000551),(6,1000389,1000016,1000347),(7,1000542,1000111,1000451),(8,1000389,1000016,1000347),(9,1000336,1000286,1000560),(10,1000290,1000434,1000588),(11,1000008,1000567,1000449),(12,1000510,1000251,1000196),(13,1000623,1000553,1000573),(14,1000204,1000146,1000561),(15,1000333,1000268,1000194),(16,1000291,1000674,1000560),(17,1000155,1000503,1000681),(18,NULL,1000159,1000212),(19,1000601,1000115,1000599),(20,1000601,1000115,1000599),(21,1000515,1000227,1000391),(22,1000381,1000602,1000604),(23,1000381,1000602,1000604),(24,1000370,1000400,1000269),(25,1000291,1000274,1000347),(26,1000498,1000201,1000597),(27,1000515,1000359,1000369),(28,1000309,1000468,1000606),(29,1000321,1000689,1000270),(30,1000629,1000007,1000034),(31,1000515,1000096,1000132),(32,1000010,1000138,1000023),(33,1000515,1000227,1000391),(34,NULL,1000264,1000551),(35,1000148,1000056,1000232),(36,1000010,1000138,1000023),(37,1000309,1000468,1000606),(38,1000370,1000400,1000269),(39,1000329,1000016,1000347),(40,1000515,1000241,1000369),(41,1000629,1000238,1000034),(42,1000161,1000576,1000311),(43,NULL,1000159,1000212),(44,1000193,1000056,1000232),(45,1000515,1000241,1000369),(46,1000058,1000171,1000618),(47,1000290,1000434,1000588),(48,1000131,1000238,1000034),(49,1000193,1000104,1000260),(50,1000088,1000065,1000449);
/*!40000 ALTER TABLE `x_delivering_invoice` ENABLE KEYS */;
UNLOCK TABLES;









